player_name,team,matches_played,runs,balls_faced,dismissals,average,strike_rate,highest_score
A Ashish Reddy,Deccan Chargers,5,35,30,4,8.75,116.6666667,36
A Ashish Reddy,Sunrisers Hyderabad,18,245,166,11,22.27272727,147.5903614,36
A Badoni,Lucknow Super Giants,35,634,505,26,24.38461538,125.5445545,59
A Chandila,Rajasthan Royals,2,4,7,1,4,57.14285714,4
A Chopra,Kolkata Knight Riders,6,53,75,5,10.6,70.66666667,24
A Choudhary,Royal Challengers Bangalore,3,25,20,2,12.5,125,15
A Dananjaya,Mumbai Indians,1,4,5,0,4,80,4
A Flintoff,Chennai Super Kings,3,62,57,2,31,108.7719298,24
A Kamboj,Mumbai Indians,1,2,2,0,2,100,2
A Kumble,Royal Challengers Bangalore,15,35,49,2,17.5,71.42857143,8
A Manohar,Gujarat Titans,15,231,181,14,16.5,127.6243094,43
A Mishra,Deccan Chargers,14,84,73,9,9.333333333,115.0684932,31
A Mishra,Delhi Capitals,4,21,26,2,10.5,80.76923077,31
A Mishra,Delhi Daredevils,28,164,201,15,10.93333333,81.5920398,31
A Mishra,Lucknow Super Giants,1,19,30,1,19,63.33333333,31
A Mishra,Sunrisers Hyderabad,8,93,110,4,23.25,84.54545455,31
A Mithun,Royal Challengers Bangalore,6,34,26,5,6.8,130.7692308,11
A Mukund,Chennai Super Kings,1,0,1,1,0,0,19
A Mukund,Royal Challengers Bangalore,1,19,22,1,19,86.36363636,19
A Nehra,Chennai Super Kings,4,1,7,2,0.5,14.28571429,22
A Nehra,Delhi Daredevils,7,25,29,5,5,86.20689655,22
A Nehra,Mumbai Indians,3,3,13,0,3,23.07692308,22
A Nehra,Pune Warriors,2,11,13,1,11,84.61538462,22
A Nehra,Sunrisers Hyderabad,1,1,1,0,1,100,22
A Nortje,Delhi Capitals,13,49,51,5,9.8,96.07843137,23
A Raghuvanshi,Kolkata Knight Riders,7,163,109,7,23.28571429,149.5412844,54
A Singh,Rajasthan Royals,5,2,10,4,0.5,20,1
A Symonds,Deccan Chargers,27,839,638,23,36.47826087,131.5047022,117
A Symonds,Mumbai Indians,9,135,143,3,45,94.40559441,117
A Tomar,Kolkata Knight Riders,1,4,8,1,4,50,4
A Uniyal,Rajasthan Royals,2,4,7,1,4,57.14285714,4
A Zampa,Rajasthan Royals,3,10,17,3,3.333333333,58.82352941,7
A Zampa,Rising Pune Supergiant,1,5,7,1,5,71.42857143,7
A Zampa,Rising Pune Supergiants,1,0,1,1,0,0,7
AA Bilakhia,Deccan Chargers,7,69,88,5,13.8,78.40909091,22
AA Chavan,Rajasthan Royals,3,12,11,1,12,109.0909091,7
AA Jhunjhunwala,Deccan Chargers,3,24,27,2,12,88.88888889,53
AA Jhunjhunwala,Pune Warriors,2,10,19,2,5,52.63157895,53
AA Jhunjhunwala,Rajasthan Royals,10,183,172,10,18.3,106.3953488,53
AA Kulkarni,Lucknow Super Giants,2,9,8,2,4.5,112.5,9
AA Noffke,Royal Challengers Bangalore,1,9,12,1,9,75,9
AB Agarkar,Delhi Daredevils,3,19,23,1,19,82.60869565,39
AB Agarkar,Kolkata Knight Riders,15,160,137,7,22.85714286,116.7883212,39
AB Barath,Kings XI Punjab,3,42,43,2,21,97.6744186,33
AB Dinda,Delhi Daredevils,1,0,5,1,0,0,7
AB Dinda,Kolkata Knight Riders,5,4,8,4,1,50,7
AB Dinda,Pune Warriors,6,11,16,2,5.5,68.75,7
AB Dinda,Rising Pune Supergiant,1,7,8,1,7,87.5,7
AB Dinda,Royal Challengers Bangalore,3,4,13,1,4,30.76923077,7
AB McDonald,Delhi Daredevils,5,76,65,2,38,116.9230769,33
AB McDonald,Royal Challengers Bangalore,4,47,38,3,15.66666667,123.6842105,33
AB de Villiers,Delhi Daredevils,26,671,582,20,33.55,115.2920962,133
AB de Villiers,Royal Challengers Bangalore,144,4510,2905,105,42.95238095,155.2495697,133
AC Blizzard,Mumbai Indians,7,120,91,7,17.14285714,131.8681319,51
AC Gilchrist,Deccan Chargers,46,1220,865,46,26.52173913,141.0404624,109
AC Gilchrist,Kings XI Punjab,34,849,690,30,28.3,123.0434783,109
AC Thomas,Pune Warriors,4,20,19,2,10,105.2631579,12
AC Voges,Rajasthan Royals,7,181,143,6,30.16666667,126.5734266,45
AD Hales,Sunrisers Hyderabad,6,148,119,6,24.66666667,124.3697479,45
AD Mascarenhas,Kings XI Punjab,4,19,21,3,6.333333333,90.47619048,27
AD Mascarenhas,Rajasthan Royals,7,60,58,7,8.571428571,103.4482759,27
AD Mathews,Delhi Daredevils,12,176,137,9,19.55555556,128.4671533,65
AD Mathews,Kolkata Knight Riders,11,249,211,7,35.57142857,118.0094787,65
AD Mathews,Pune Warriors,18,299,251,15,19.93333333,119.123506,65
AD Nath,Gujarat Lions,4,20,28,4,5,71.42857143,24
AD Nath,Kings XI Punjab,1,9,13,1,9,69.23076923,24
AD Nath,Royal Challengers Bangalore,5,61,58,5,12.2,105.1724138,24
AD Russell,Delhi Daredevils,4,58,42,4,14.5,138.0952381,88
AD Russell,Kolkata Knight Riders,100,2430,1473,80,30.375,164.9694501,88
AF Milne,Mumbai Indians,3,16,19,2,8,84.21052632,15
AF Milne,Royal Challengers Bangalore,3,7,12,3,2.333333333,58.33333333,15
AG Murtaza,Mumbai Indians,1,2,5,0,2,40,5
AG Murtaza,Pune Warriors,2,8,9,1,8,88.88888889,5
AG Paunikar,Rajasthan Royals,5,49,61,5,9.8,80.32786885,20
AJ Finch,Delhi Daredevils,8,102,103,9,11.33333333,99.02912621,88
AJ Finch,Gujarat Lions,25,693,501,20,34.65,138.3233533,88
AJ Finch,Kings XI Punjab,9,134,102,8,16.75,131.372549,88
AJ Finch,Kolkata Knight Riders,5,86,70,6,14.33333333,122.8571429,88
AJ Finch,Mumbai Indians,3,23,33,3,7.666666667,69.6969697,88
AJ Finch,Pune Warriors,14,456,344,14,32.57142857,132.5581395,88
AJ Finch,Rajasthan Royals,1,21,21,1,21,100,88
AJ Finch,Royal Challengers Bangalore,12,268,254,12,22.33333333,105.511811,88
AJ Finch,Sunrisers Hyderabad,13,309,268,11,28.09090909,115.2985075,88
AJ Hosein,Sunrisers Hyderabad,1,16,11,0,16,145.4545455,16
AJ Turner,Lucknow Super Giants,2,21,20,2,10.5,105,16
AJ Turner,Rajasthan Royals,4,3,11,3,1,27.27272727,16
AJ Tye,Gujarat Lions,3,53,30,1,53,176.6666667,25
AJ Tye,Kings XI Punjab,9,32,42,6,5.333333333,76.19047619,25
AJ Tye,Rajasthan Royals,1,6,7,1,6,85.71428571,25
AK Markram,Punjab Kings,6,146,123,5,29.2,118.699187,68
AK Markram,Sunrisers Hyderabad,36,849,664,28,30.32142857,127.8614458,68
AL Menaria,Rajasthan Royals,23,401,367,22,18.22727273,109.2643052,40
AM Nayar,Kings XI Punjab,13,106,116,8,13.25,91.37931034,45
AM Nayar,Mumbai Indians,24,457,348,20,22.85,131.3218391,45
AM Nayar,Pune Warriors,9,66,74,7,9.428571429,89.18918919,45
AM Nayar,Rajasthan Royals,4,43,50,4,10.75,86,45
AM Rahane,Chennai Super Kings,23,568,393,23,24.69565217,144.5292621,105
AM Rahane,Delhi Capitals,9,121,122,9,13.44444444,99.18032787,105
AM Rahane,Kolkata Knight Riders,7,133,131,7,19,101.5267176,105
AM Rahane,Mumbai Indians,9,148,147,8,18.5,100.6802721,105
AM Rahane,Rajasthan Royals,93,2810,2350,81,34.69135802,119.5744681,105
AM Rahane,Rising Pune Supergiant,16,382,328,15,25.46666667,116.4634146,105
AM Rahane,Rising Pune Supergiants,14,480,387,13,36.92307692,124.0310078,105
AN Ahmed,Mumbai Indians,2,22,21,0,22,104.7619048,18
AN Ahmed,Royal Challengers Bangalore,4,14,6,1,14,233.3333333,18
AN Ghosh,Kolkata Knight Riders,2,7,8,2,3.5,87.5,7
AP Dole,Rajasthan Royals,2,34,23,2,17,147.826087,30
AP Majumdar,Pune Warriors,4,87,77,4,21.75,112.987013,31
AP Tare,Delhi Daredevils,3,18,25,3,6,72,59
AP Tare,Mumbai Indians,22,313,245,19,16.47368421,127.755102,59
AP Tare,Sunrisers Hyderabad,2,8,15,2,4,53.33333333,59
AR Bawne,Delhi Daredevils,1,12,12,0,12,100,12
AR Patel,Delhi Capitals,62,967,753,42,23.02380952,128.4196547,66
AR Patel,Kings XI Punjab,50,686,565,36,19.05555556,121.4159292,66
AS Joseph,Gujarat Titans,4,12,19,1,12,63.15789474,15
AS Joseph,Mumbai Indians,1,15,13,0,15,115.3846154,15
AS Rajpoot,Chennai Super Kings,1,2,6,0,2,33.33333333,8
AS Rajpoot,Kings XI Punjab,3,11,18,2,5.5,61.11111111,8
AS Rajpoot,Kolkata Knight Riders,1,4,7,1,4,57.14285714,8
AS Rajpoot,Rajasthan Royals,2,9,10,1,9,90,8
AS Raut,Rajasthan Royals,16,194,172,11,17.63636364,112.7906977,36
AS Roy,Kolkata Knight Riders,6,26,24,3,8.666666667,108.3333333,13
AS Yadav,Deccan Chargers,6,49,40,7,7,122.5,16
AT Carey,Delhi Capitals,3,32,29,2,16,110.3448276,14
AT Rayudu,Chennai Super Kings,80,1932,1526,64,30.1875,126.6055046,100
AT Rayudu,Mumbai Indians,105,2416,1964,88,27.45454545,123.0142566,100
AU Rashid,Sunrisers Hyderabad,2,22,17,2,11,129.4117647,18
AUK Pathan,Royal Challengers Bangalore,7,39,26,5,7.8,150,14
Abdul Basith,Rajasthan Royals,1,1,1,0,1,100,1
Abdul Samad,Sunrisers Hyderabad,39,579,408,32,18.09375,141.9117647,37
Abdur Razzak,Royal Challengers Bangalore,1,0,2,0,0,0,0
Abhishek Sharma,Delhi Daredevils,3,63,35,1,63,180,75
Abhishek Sharma,Sunrisers Hyderabad,58,1314,890,54,24.33333333,147.6404494,75
Abishek Porel,Delhi Capitals,16,360,244,16,22.5,147.5409836,65
Akash Deep,Royal Challengers Bangalore,2,17,10,2,8.5,170,17
Akash Deep,Royal Challengers Bengaluru,1,2,2,0,2,100,17
Akash Madhwal,Mumbai Indians,1,4,5,0,4,80,4
Aman Hakim Khan,Delhi Capitals,9,110,106,8,13.75,103.7735849,51
Aman Hakim Khan,Kolkata Knight Riders,1,5,3,1,5,166.6666667,51
Anirudh Singh,Deccan Chargers,4,63,69,4,15.75,91.30434783,40
Ankit Sharma,Deccan Chargers,4,18,13,3,6,138.4615385,30
Ankit Sharma,Rajasthan Royals,4,41,37,3,13.66666667,110.8108108,30
Ankit Sharma,Rising Pune Supergiant,1,25,16,1,25,156.25,30
Ankit Sharma,Rising Pune Supergiants,1,3,3,0,3,100,30
Ankit Soni,Gujarat Lions,3,7,9,2,3.5,77.77777778,7
Anmolpreet Singh,Mumbai Indians,3,29,27,3,9.666666667,107.4074074,36
Anmolpreet Singh,Sunrisers Hyderabad,6,110,90,6,18.33333333,122.2222222,36
Anuj Rawat,Rajasthan Royals,1,0,1,1,0,0,66
Anuj Rawat,Royal Challengers Bangalore,15,220,195,10,22,112.8205128,66
Anuj Rawat,Royal Challengers Bengaluru,5,98,80,3,32.66666667,122.5,66
Anureet Singh,Kings XI Punjab,7,33,43,4,8.25,76.74418605,15
Anureet Singh,Rajasthan Royals,1,3,4,0,3,75,15
Arjun Tendulkar,Mumbai Indians,1,13,9,1,13,144.4444444,13
Arshad Khan,Lucknow Super Giants,3,78,52,2,39,150,58
Arshad Khan,Mumbai Indians,3,18,15,2,9,120,58
Arshad Khan (2),Lucknow Super Giants,1,5,4,1,5,125,5
Arshdeep Singh,Kings XI Punjab,1,0,3,1,0,0,10
Arshdeep Singh,Punjab Kings,10,29,39,4,7.25,74.35897436,10
Ashutosh Sharma,Punjab Kings,9,189,118,8,23.625,160.1694915,61
Atharva Taide,Punjab Kings,9,247,177,8,30.875,139.5480226,66
Avesh Khan,Delhi Capitals,2,9,6,0,9,150,12
Avesh Khan,Lucknow Super Giants,5,22,14,1,22,157.1428571,12
Avesh Khan,Rajasthan Royals,2,10,5,0,10,200,12
Azhar Mahmood,Kings XI Punjab,20,382,303,18,21.22222222,126.0726073,80
Azhar Mahmood,Kolkata Knight Riders,1,6,8,1,6,75,80
Azmatullah Omarzai,Gujarat Titans,4,42,34,4,10.5,123.5294118,17
B Akhil,Kochi Tuskers Kerala,1,13,9,1,13,144.4444444,27
B Akhil,Royal Challengers Bangalore,10,63,48,6,10.5,131.25,27
B Chipli,Deccan Chargers,17,244,207,12,20.33333333,117.8743961,61
B Chipli,Delhi Daredevils,1,16,19,1,16,84.21052632,61
B Chipli,Royal Challengers Bangalore,3,20,30,3,6.666666667,66.66666667,61
B Indrajith,Kolkata Knight Riders,3,21,31,3,7,67.74193548,15
B Kumar,Pune Warriors,18,93,114,10,9.3,81.57894737,27
B Kumar,Sunrisers Hyderabad,47,213,224,24,8.875,95.08928571,27
B Laughlin,Chennai Super Kings,2,4,9,1,4,44.44444444,4
B Laughlin,Rajasthan Royals,2,1,4,1,1,25,4
B Lee,Kings XI Punjab,10,56,60,5,11.2,93.33333333,25
B Lee,Kolkata Knight Riders,9,68,42,5,13.6,161.9047619,25
B Sai Sudharsan,Gujarat Titans,25,1034,770,21,49.23809524,134.2857143,103
B Stanlake,Sunrisers Hyderabad,1,5,2,0,5,250,5
B Sumanth,Deccan Chargers,4,35,38,1,35,92.10526316,16
BA Bhatt,Kings XI Punjab,2,6,7,0,6,85.71428571,6
BA Stokes,Chennai Super Kings,2,15,15,2,7.5,100,107
BA Stokes,Rajasthan Royals,30,604,476,28,21.57142857,126.8907563,107
BA Stokes,Rising Pune Supergiant,11,316,227,11,28.72727273,139.2070485,107
BAW Mendis,Kolkata Knight Riders,2,1,2,1,1,50,2
BAW Mendis,Pune Warriors,1,2,4,1,2,50,2
BB McCullum,Chennai Super Kings,28,841,634,28,30.03571429,132.6498423,158
BB McCullum,Gujarat Lions,27,674,500,27,24.96296296,134.8,158
BB McCullum,Kochi Tuskers Kerala,13,357,292,13,27.46153846,122.260274,158
BB McCullum,Kolkata Knight Riders,35,883,755,32,27.59375,116.9536424,158
BB McCullum,Royal Challengers Bangalore,6,127,91,6,21.16666667,139.5604396,158
BB Samantray,Deccan Chargers,1,2,2,0,2,100,55
BB Samantray,Sunrisers Hyderabad,7,123,114,5,24.6,107.8947368,55
BB Sran,Kings XI Punjab,3,3,7,1,3,42.85714286,3
BB Sran,Mumbai Indians,1,3,3,0,3,100,3
BB Sran,Sunrisers Hyderabad,3,4,4,0,4,100,3
BCJ Cutting,Mumbai Indians,9,114,76,6,19,150,39
BCJ Cutting,Rajasthan Royals,1,8,6,0,8,133.3333333,39
BCJ Cutting,Sunrisers Hyderabad,7,116,64,5,23.2,181.25,39
BE Hendricks,Kings XI Punjab,2,1,3,1,1,33.33333333,1
BJ Haddin,Kolkata Knight Riders,1,18,11,1,18,163.6363636,18
BJ Hodge,Kochi Tuskers Kerala,14,285,245,11,25.90909091,116.3265306,73
BJ Hodge,Kolkata Knight Riders,19,476,430,16,29.75,110.6976744,73
BJ Hodge,Rajasthan Royals,30,639,478,19,33.63157895,133.6820084,73
BJ Rohrer,Delhi Daredevils,8,193,146,7,27.57142857,132.1917808,64
BMAJ Mendis,Delhi Daredevils,3,23,27,3,7.666666667,85.18518519,12
BR Dunk,Mumbai Indians,3,40,36,3,13.33333333,111.1111111,20
BR Sharath,Gujarat Titans,1,2,5,1,2,40,2
Basil Thampi,Gujarat Lions,5,28,30,1,28,93.33333333,13
Basil Thampi,Sunrisers Hyderabad,2,4,7,1,4,57.14285714,13
Bipul Sharma,Kings XI Punjab,9,104,72,3,34.66666667,144.4444444,35
Bipul Sharma,Sunrisers Hyderabad,8,83,52,3,27.66666667,159.6153846,35
C Green,Mumbai Indians,16,452,287,10,45.2,157.4912892,100
C Green,Royal Challengers Bengaluru,12,255,185,10,25.5,137.8378378,100
C Madan,Mumbai Indians,1,15,21,1,15,71.42857143,15
C Munro,Delhi Capitals,4,84,72,4,21,116.6666667,40
C Munro,Delhi Daredevils,4,63,41,4,15.75,153.6585366,40
C Munro,Kolkata Knight Riders,3,30,31,1,30,96.77419355,40
C Nanda,Mumbai Indians,1,0,1,1,0,0,0
C Sakariya,Delhi Capitals,2,4,6,1,4,66.66666667,7
C Sakariya,Rajasthan Royals,5,16,25,4,4,64,7
C de Grandhomme,Kolkata Knight Riders,9,126,92,8,15.75,136.9565217,40
C de Grandhomme,Royal Challengers Bangalore,12,177,137,7,25.28571429,129.1970803,40
CA Ingram,Delhi Capitals,12,184,157,10,18.4,117.1974522,47
CA Ingram,Delhi Daredevils,3,21,26,2,10.5,80.76923077,47
CA Lynn,Deccan Chargers,1,6,10,1,6,60,93
CA Lynn,Kolkata Knight Riders,40,1274,928,36,35.38888889,137.2844828,93
CA Lynn,Mumbai Indians,1,49,36,2,24.5,136.1111111,93
CA Pujara,Kings XI Punjab,6,125,129,4,31.25,96.89922481,51
CA Pujara,Kolkata Knight Riders,6,122,119,4,30.5,102.5210084,51
CA Pujara,Royal Challengers Bangalore,10,143,155,10,14.3,92.25806452,51
CH Gayle,Kings XI Punjab,31,1153,824,27,42.7037037,139.9271845,175
CH Gayle,Kolkata Knight Riders,16,476,356,16,29.75,133.7078652,175
CH Gayle,Punjab Kings,10,193,160,11,17.54545455,120.625,175
CH Gayle,Royal Challengers Bangalore,84,3175,2176,74,42.90540541,145.9099265,175
CH Morris,Chennai Super Kings,6,14,17,2,7,82.35294118,82
CH Morris,Delhi Capitals,6,32,38,6,5.333333333,84.21052632,82
CH Morris,Delhi Daredevils,18,395,237,10,39.5,166.6666667,82
CH Morris,Rajasthan Royals,14,143,100,7,20.42857143,143,82
CH Morris,Royal Challengers Bangalore,5,34,21,4,8.5,161.9047619,82
CJ Anderson,Delhi Daredevils,11,142,130,7,20.28571429,109.2307692,95
CJ Anderson,Mumbai Indians,15,379,284,12,31.58333333,133.4507042,95
CJ Anderson,Royal Challengers Bangalore,3,17,22,3,5.666666667,77.27272727,95
CJ Ferguson,Pune Warriors,8,98,119,6,16.33333333,82.35294118,23
CJ Jordan,Chennai Super Kings,2,11,9,1,11,122.2222222,30
CJ Jordan,Kings XI Punjab,4,29,33,3,9.666666667,87.87878788,30
CJ Jordan,Mumbai Indians,2,6,13,2,3,46.15384615,30
CJ Jordan,Punjab Kings,2,32,21,2,16,152.3809524,30
CJ Jordan,Royal Challengers Bangalore,1,3,4,0,3,75,30
CJ Jordan,Sunrisers Hyderabad,1,0,1,1,0,0,30
CJ McKay,Mumbai Indians,1,8,15,1,8,53.33333333,8
CK Kapugedera,Chennai Super Kings,3,16,24,3,5.333333333,66.66666667,8
CK Langeveldt,Kolkata Knight Riders,1,0,1,1,0,0,8
CK Langeveldt,Royal Challengers Bangalore,1,8,8,1,8,100,8
CL White,Deccan Chargers,19,583,436,16,36.4375,133.7155963,78
CL White,Royal Challengers Bangalore,13,162,138,7,23.14285714,117.3913043,78
CL White,Sunrisers Hyderabad,13,226,200,12,18.83333333,113,78
CM Gautam,Delhi Daredevils,4,48,42,3,16,114.2857143,33
CM Gautam,Mumbai Indians,9,121,116,6,20.16666667,104.3103448,33
CR Brathwaite,Delhi Daredevils,8,95,56,8,11.875,169.6428571,43
CR Brathwaite,Kolkata Knight Riders,2,11,10,2,5.5,110,43
CR Brathwaite,Sunrisers Hyderabad,4,75,54,4,18.75,138.8888889,43
CR Woakes,Delhi Capitals,1,15,11,0,15,136.3636364,18
CR Woakes,Kolkata Knight Riders,7,46,47,3,15.33333333,97.87234043,18
CR Woakes,Royal Challengers Bangalore,4,17,19,2,8.5,89.47368421,18
CRD Fernando,Mumbai Indians,2,4,3,1,4,133.3333333,2
CV Varun,Kolkata Knight Riders,10,25,49,2,12.5,51.02040816,10
D Brevis,Mumbai Indians,10,230,176,10,23,130.6818182,49
D Ferreira,Rajasthan Royals,2,8,11,2,4,72.72727273,7
D Kalyankrishna,Deccan Chargers,1,3,8,1,3,37.5,3
D Padikkal,Lucknow Super Giants,7,38,60,7,5.428571429,63.33333333,101
D Padikkal,Rajasthan Royals,28,637,523,28,22.75,121.7973231,101
D Padikkal,Royal Challengers Bangalore,29,884,740,28,31.57142857,119.4594595,101
D Pretorius,Chennai Super Kings,5,44,28,4,11,157.1428571,22
D Salunkhe,Rajasthan Royals,3,33,24,1,33,137.5,26
D Wiese,Kolkata Knight Riders,3,21,11,1,21,190.9090909,47
D Wiese,Royal Challengers Bangalore,8,127,94,5,25.4,135.106383,47
D du Preez,Royal Challengers Bangalore,1,10,13,1,10,76.92307692,10
DA Miller,Gujarat Titans,38,950,681,24,39.58333333,139.5007342,101
DA Miller,Kings XI Punjab,77,1850,1375,55,33.63636364,134.5454545,101
DA Miller,Rajasthan Royals,8,124,115,5,24.8,107.826087,101
DA Warner,Delhi Capitals,34,1116,837,30,37.2,133.3333333,126
DA Warner,Delhi Daredevils,55,1435,1107,51,28.1372549,129.6296296,126
DA Warner,Sunrisers Hyderabad,95,4016,2905,83,48.38554217,138.2444062,126
DAJ Bracewell,Delhi Daredevils,1,12,9,0,12,133.3333333,12
DB Das,Kolkata Knight Riders,22,304,267,12,25.33333333,113.8576779,35
DB Ravi Teja,Deccan Chargers,23,361,307,19,19,117.5895765,60
DB Ravi Teja,Sunrisers Hyderabad,2,14,18,1,14,77.77777778,60
DE Bollinger,Chennai Super Kings,4,21,23,1,21,91.30434783,16
DG Nalkande,Gujarat Titans,2,12,12,2,6,100,12
DH Yagnik,Rajasthan Royals,17,170,142,9,18.88888889,119.7183099,34
DJ Bravo,Chennai Super Kings,73,1004,758,40,25.1,132.4538259,70
DJ Bravo,Gujarat Lions,12,99,88,8,12.375,112.5,70
DJ Bravo,Mumbai Indians,25,457,401,21,21.76190476,113.9650873,70
DJ Harris,Deccan Chargers,4,111,103,3,37,107.7669903,47
DJ Hooda,Kings XI Punjab,5,102,74,1,102,137.8378378,64
DJ Hooda,Lucknow Super Giants,35,680,540,33,20.60606061,125.9259259,64
DJ Hooda,Punjab Kings,11,160,125,9,17.77777778,128,64
DJ Hooda,Rajasthan Royals,9,151,99,9,16.77777778,152.5252525,64
DJ Hooda,Sunrisers Hyderabad,36,373,332,25,14.92,112.3493976,64
DJ Hussey,Chennai Super Kings,4,116,96,2,58,120.8333333,71
DJ Hussey,Kings XI Punjab,34,695,588,29,23.96551724,118.1972789,71
DJ Hussey,Kolkata Knight Riders,23,511,417,18,28.38888889,122.5419664,71
DJ Jacobs,Mumbai Indians,7,92,101,7,13.14285714,91.08910891,32
DJ Malan,Punjab Kings,1,26,26,1,26,100,26
DJ Mitchell,Chennai Super Kings,13,318,228,11,28.90909091,139.4736842,63
DJ Mitchell,Rajasthan Royals,2,33,46,2,16.5,71.73913043,63
DJ Muthuswami,Delhi Daredevils,1,1,3,1,1,33.33333333,1
DJ Thornely,Mumbai Indians,4,39,54,3,13,72.22222222,30
DJ Willey,Royal Challengers Bangalore,5,53,64,3,17.66666667,82.8125,20
DJG Sammy,Royal Challengers Bangalore,2,13,18,2,6.5,72.22222222,60
DJG Sammy,Sunrisers Hyderabad,18,282,233,13,21.69230769,121.0300429,60
DJM Short,Rajasthan Royals,7,115,102,7,16.42857143,112.745098,44
DL Chahar,Chennai Super Kings,11,66,55,6,11,120,39
DL Chahar,Rising Pune Supergiant,1,14,6,1,14,233.3333333,39
DL Vettori,Delhi Daredevils,6,67,60,3,22.33333333,111.6666667,29
DL Vettori,Royal Challengers Bangalore,10,54,58,4,13.5,93.10344828,29
DM Bravo,Kolkata Knight Riders,1,6,5,0,6,120,6
DNT Zoysa,Deccan Chargers,2,11,9,1,11,122.2222222,10
DP Conway,Chennai Super Kings,22,924,669,20,46.2,138.1165919,92
DP Nannes,Delhi Daredevils,2,4,13,1,4,30.76923077,3
DP Vijaykumar,Deccan Chargers,1,1,1,0,1,100,1
DPMD Jayawardene,Delhi Daredevils,30,666,628,24,27.75,106.0509554,110
DPMD Jayawardene,Kings XI Punjab,35,843,622,28,30.10714286,135.5305466,110
DPMD Jayawardene,Kochi Tuskers Kerala,13,299,272,12,24.91666667,109.9264706,110
DR Martyn,Rajasthan Royals,1,19,26,2,9.5,73.07692308,19
DR Sams,Delhi Capitals,1,0,2,1,0,0,15
DR Sams,Mumbai Indians,10,38,40,8,4.75,95,15
DR Sams,Royal Challengers Bangalore,2,6,6,1,6,100,15
DR Shorey,Chennai Super Kings,2,13,20,2,6.5,65,8
DR Smith,Chennai Super Kings,32,965,766,31,31.12903226,125.9791123,87
DR Smith,Deccan Chargers,11,237,159,10,23.7,149.0566038,87
DR Smith,Gujarat Lions,23,563,384,21,26.80952381,146.6145833,87
DR Smith,Mumbai Indians,22,620,494,19,32.63157895,125.5060729,87
DS Kulkarni,Gujarat Lions,6,28,18,3,9.333333333,155.5555556,28
DS Kulkarni,Mumbai Indians,7,26,46,3,8.666666667,56.52173913,28
DS Kulkarni,Rajasthan Royals,7,50,49,3,16.66666667,102.0408163,28
DS Lehmann,Rajasthan Royals,2,18,19,2,9,94.73684211,17
DT Christian,Deccan Chargers,20,335,283,15,22.33333333,118.3745583,39
DT Christian,Delhi Daredevils,3,26,33,1,26,78.78787879,39
DT Christian,Rising Pune Supergiant,9,79,52,6,13.16666667,151.9230769,39
DT Christian,Royal Challengers Bangalore,9,20,40,6,3.333333333,50,39
DT Patil,Royal Challengers Bangalore,2,13,13,1,13,100,9
DW Steyn,Deccan Chargers,10,55,58,8,6.875,94.82758621,19
DW Steyn,Gujarat Lions,1,1,2,1,1,50,19
DW Steyn,Royal Challengers Bangalore,8,16,27,7,2.285714286,59.25925926,19
DW Steyn,Sunrisers Hyderabad,14,95,76,6,15.83333333,125,19
Dhruv Jurel,Rajasthan Royals,22,347,237,13,26.69230769,146.4135021,56
E Lewis,Lucknow Super Giants,5,73,60,3,24.33333333,121.6666667,65
E Lewis,Mumbai Indians,16,430,343,16,26.875,125.3644315,65
E Lewis,Rajasthan Royals,5,151,96,5,30.2,157.2916667,65
EJG Morgan,Kings XI Punjab,4,65,62,4,16.25,104.8387097,68
EJG Morgan,Kolkata Knight Riders,51,996,829,41,24.29268293,120.1447527,68
EJG Morgan,Royal Challengers Bangalore,4,35,31,3,11.66666667,112.9032258,68
EJG Morgan,Sunrisers Hyderabad,15,310,259,13,23.84615385,119.6911197,68
ER Dwivedi,Gujarat Lions,2,24,15,2,12,160,19
F Behardien,Kings XI Punjab,3,14,13,2,7,107.6923077,9
F du Plessis,Chennai Super Kings,86,2721,2123,74,36.77027027,128.1676872,96
F du Plessis,Rising Pune Supergiant,1,8,7,1,8,114.2857143,96
F du Plessis,Rising Pune Supergiants,6,206,169,6,34.33333333,121.8934911,96
F du Plessis,Royal Challengers Bangalore,30,1198,860,29,41.31034483,139.3023256,96
F du Plessis,Royal Challengers Bengaluru,15,438,276,15,29.2,158.6956522,96
FA Allen,Mumbai Indians,1,8,7,1,8,114.2857143,8
FA Allen,Punjab Kings,2,6,12,1,6,50,8
FH Edwards,Deccan Chargers,2,4,5,1,4,80,3
FY Fazal,Rajasthan Royals,11,183,179,9,20.33333333,102.2346369,45
Fazalhaq Farooqi,Sunrisers Hyderabad,2,3,13,0,3,23.07692308,2
G Coetzee,Mumbai Indians,5,14,22,4,3.5,63.63636364,8
G Gambhir,Delhi Daredevils,44,1182,991,41,28.82926829,119.2734612,93
G Gambhir,Kolkata Knight Riders,107,3035,2533,94,32.28723404,119.8183972,93
GB Hogg,Kolkata Knight Riders,2,7,6,0,7,116.6666667,13
GB Hogg,Rajasthan Royals,2,15,16,2,7.5,93.75,13
GC Smith,Pune Warriors,4,42,54,4,10.5,77.77777778,91
GC Smith,Rajasthan Royals,25,697,637,26,26.80769231,109.4191523,91
GC Viljoen,Kings XI Punjab,3,3,7,2,1.5,42.85714286,2
GD McGrath,Delhi Daredevils,2,4,5,1,4,80,4
GD Phillips,Rajasthan Royals,3,26,33,2,13,78.78787879,25
GD Phillips,Sunrisers Hyderabad,5,39,22,5,7.8,177.2727273,25
GH Vihari,Delhi Capitals,2,4,8,2,2,50,46
GH Vihari,Sunrisers Hyderabad,21,280,323,18,15.55555556,86.6873065,46
GHS Garton,Royal Challengers Bangalore,2,2,4,1,2,50,2
GJ Bailey,Chennai Super Kings,3,63,67,5,12.6,94.02985075,61
GJ Bailey,Kings XI Punjab,28,516,386,20,25.8,133.6787565,61
GJ Bailey,Rising Pune Supergiants,5,84,99,4,21,84.84848485,61
GJ Maxwell,Delhi Daredevils,14,175,133,13,13.46153846,131.5789474,95
GJ Maxwell,Kings XI Punjab,61,1295,854,54,23.98148148,151.6393443,95
GJ Maxwell,Mumbai Indians,3,36,27,2,18,133.3333333,95
GJ Maxwell,Royal Challengers Bangalore,41,1214,782,33,36.78787879,155.2429668,95
GJ Maxwell,Royal Challengers Bengaluru,9,52,46,9,5.777777778,113.0434783,95
GR Napier,Mumbai Indians,1,15,16,1,15,93.75,15
Gulbadin Naib,Delhi Capitals,1,19,15,1,19,126.6666667,19
Gurkeerat Singh,Kings XI Punjab,24,342,280,23,14.86956522,122.1428571,65
Gurkeerat Singh,Royal Challengers Bangalore,8,169,156,4,42.25,108.3333333,65
H Das,Deccan Chargers,1,2,5,1,2,40,2
H Klaasen,Rajasthan Royals,4,57,48,3,19,118.75,104
H Klaasen,Royal Challengers Bangalore,2,9,10,2,4.5,90,104
H Klaasen,Sunrisers Hyderabad,26,927,555,21,44.14285714,167.027027,104
HC Brook,Sunrisers Hyderabad,11,190,159,9,21.11111111,119.4968553,100
HE van der Dussen,Rajasthan Royals,3,22,25,2,11,88,12
HF Gurney,Kolkata Knight Riders,1,1,5,0,1,20,1
HH Gibbs,Deccan Chargers,33,805,746,30,26.83333333,107.9088472,69
HH Gibbs,Mumbai Indians,3,81,91,2,40.5,89.01098901,69
HH Pandya,Gujarat Titans,30,833,641,21,39.66666667,129.9531981,91
HH Pandya,Mumbai Indians,98,1701,1173,68,25.01470588,145.0127877,91
HM Amla,Kings XI Punjab,16,577,418,13,44.38461538,138.0382775,104
HR Shokeen,Mumbai Indians,5,66,67,3,22,98.50746269,25
HV Patel,Delhi Capitals,3,21,28,3,7,75,36
HV Patel,Delhi Daredevils,2,60,33,0,60,181.8181818,36
HV Patel,Punjab Kings,4,13,19,3,4.333333333,68.42105263,36
HV Patel,Royal Challengers Bangalore,28,155,134,20,7.75,115.6716418,36
Harbhajan Singh,Chennai Super Kings,4,30,41,3,10,73.17073171,64
Harbhajan Singh,Kolkata Knight Riders,2,4,4,0,4,100,64
Harbhajan Singh,Mumbai Indians,82,799,591,53,15.0754717,135.1945854,64
Harmeet Singh,Deccan Chargers,1,0,1,1,0,0,14
Harmeet Singh,Kings XI Punjab,3,18,11,1,18,163.6363636,14
Harpreet Brar,Kings XI Punjab,1,20,14,0,20,142.8571429,29
Harpreet Brar,Punjab Kings,23,213,187,12,17.75,113.9037433,29
Harpreet Singh,Pune Warriors,3,20,26,2,10,76.92307692,41
Harpreet Singh,Punjab Kings,5,103,93,4,25.75,110.7526882,41
Harshit Rana,Kolkata Knight Riders,3,2,3,2,1,66.66666667,2
I Malhotra,Deccan Chargers,1,7,4,0,7,175,7
I Sharma,Deccan Chargers,4,4,5,0,4,80,10
I Sharma,Delhi Capitals,4,12,12,0,12,100,10
I Sharma,Kings XI Punjab,3,8,13,2,4,61.53846154,10
I Sharma,Kolkata Knight Riders,10,33,41,5,6.6,80.48780488,10
I Udana,Royal Challengers Bangalore,4,15,11,3,5,136.3636364,10
IC Pandey,Pune Warriors,1,0,2,1,0,0,0
IK Pathan,Delhi Daredevils,37,479,438,22,21.77272727,109.3607306,60
IK Pathan,Gujarat Lions,1,2,3,1,2,66.66666667,60
IK Pathan,Kings XI Punjab,35,603,472,24,25.125,127.7542373,60
IK Pathan,Rising Pune Supergiants,3,11,14,2,5.5,78.57142857,60
IK Pathan,Sunrisers Hyderabad,6,55,58,4,13.75,94.82758621,60
IR Jaggi,Deccan Chargers,5,43,60,4,10.75,71.66666667,28
IR Jaggi,Kolkata Knight Riders,2,33,40,1,33,82.5,28
IS Sodhi,Rajasthan Royals,2,7,18,2,3.5,38.88888889,6
Imran Tahir,Chennai Super Kings,2,15,12,0,15,125,13
Imran Tahir,Delhi Daredevils,5,18,23,4,4.5,78.26086957,13
Imran Tahir,Rising Pune Supergiant,1,0,2,0,0,0,13
Iqbal Abdulla,Kolkata Knight Riders,8,26,32,0,26,81.25,33
Iqbal Abdulla,Royal Challengers Bangalore,5,62,54,1,62,114.8148148,33
Ishan Kishan,Gujarat Lions,15,319,255,14,22.78571429,125.0980392,99
Ishan Kishan,Mumbai Indians,84,2325,1736,77,30.19480519,133.9285714,99
J Arunkumar,Royal Challengers Bangalore,3,23,24,3,7.666666667,95.83333333,22
J Botha,Delhi Daredevils,6,43,52,6,7.166666667,82.69230769,67
J Botha,Kolkata Knight Riders,3,31,15,3,10.33333333,206.6666667,67
J Botha,Rajasthan Royals,19,335,297,13,25.76923077,112.7946128,67
J Fraser-McGurk,Delhi Capitals,9,330,150,8,41.25,220,84
J Suchith,Delhi Capitals,1,6,15,1,6,40,34
J Suchith,Mumbai Indians,5,48,33,1,48,145.4545455,34
J Suchith,Sunrisers Hyderabad,3,16,14,2,8,114.2857143,34
J Syed Mohammad,Royal Challengers Bangalore,5,29,27,2,14.5,107.4074074,13
J Theron,Deccan Chargers,1,7,6,0,7,116.6666667,7
J Theron,Kings XI Punjab,2,2,6,2,1,33.33333333,7
J Theron,Rajasthan Royals,1,1,1,0,1,100,7
J Yadav,Delhi Daredevils,2,6,12,0,6,50,23
J Yadav,Mumbai Indians,2,34,26,2,17,130.7692308,23
JA Morkel,Chennai Super Kings,58,828,592,35,23.65714286,139.8648649,73
JA Morkel,Delhi Daredevils,3,86,70,1,86,122.8571429,73
JA Morkel,Rising Pune Supergiants,1,16,9,1,16,177.7777778,73
JA Morkel,Royal Challengers Bangalore,5,45,41,3,15,109.7560976,73
JA Richardson,Delhi Capitals,1,2,2,1,2,100,15
JA Richardson,Punjab Kings,2,15,25,2,7.5,60,15
JC Archer,Mumbai Indians,2,4,4,0,4,100,27
JC Archer,Rajasthan Royals,21,195,128,13,15,152.34375,27
JC Buttler,Mumbai Indians,24,528,375,20,26.4,140.8,124
JC Buttler,Rajasthan Royals,82,3055,2144,76,40.19736842,142.4906716,124
JD Ryder,Pune Warriors,24,548,417,24,22.83333333,131.4148681,86
JD Ryder,Royal Challengers Bangalore,5,56,49,5,11.2,114.2857143,86
JD Unadkat,Delhi Daredevils,2,1,6,1,1,16.66666667,26
JD Unadkat,Lucknow Super Giants,1,9,7,1,9,128.5714286,26
JD Unadkat,Mumbai Indians,5,59,37,1,59,159.4594595,26
JD Unadkat,Rajasthan Royals,11,100,86,9,11.11111111,116.2790698,26
JD Unadkat,Rising Pune Supergiant,1,2,5,0,2,40,26
JD Unadkat,Royal Challengers Bangalore,2,2,2,0,2,100,26
JD Unadkat,Sunrisers Hyderabad,5,24,27,2,12,88.88888889,26
JDP Oram,Chennai Super Kings,10,106,107,7,15.14285714,99.06542056,41
JDP Oram,Rajasthan Royals,1,0,3,1,0,0,41
JDS Neesham,Delhi Daredevils,3,42,46,3,14,91.30434783,22
JDS Neesham,Kings XI Punjab,3,19,18,2,9.5,105.5555556,22
JDS Neesham,Mumbai Indians,2,0,2,2,0,0,22
JDS Neesham,Rajasthan Royals,2,31,27,1,31,114.8148148,22
JE Root,Rajasthan Royals,1,10,15,1,10,66.66666667,10
JE Taylor,Pune Warriors,2,3,4,0,3,75,2
JEC Franklin,Mumbai Indians,16,327,309,11,29.72727273,105.8252427,79
JH Kallis,Kolkata Knight Riders,53,1295,1237,53,24.43396226,104.6887631,89
JH Kallis,Royal Challengers Bangalore,42,1132,1054,36,31.44444444,107.4003795,89
JJ Bumrah,Mumbai Indians,26,68,80,8,8.5,85,16
JJ Roy,Delhi Daredevils,5,120,98,4,30,122.4489796,91
JJ Roy,Gujarat Lions,3,59,41,2,29.5,143.902439,91
JJ Roy,Kolkata Knight Riders,8,285,196,8,35.625,145.4081633,91
JJ Roy,Sunrisers Hyderabad,5,150,125,5,30,120,91
JJ van der Wath,Royal Challengers Bangalore,3,18,17,2,9,105.8823529,14
JL Denly,Kolkata Knight Riders,1,0,1,1,0,0,0
JL Pattinson,Mumbai Indians,2,15,13,1,15,115.3846154,11
JM Bairstow,Punjab Kings,22,551,377,21,26.23809524,146.1538462,114
JM Bairstow,Sunrisers Hyderabad,28,1038,755,27,38.44444444,137.4834437,114
JM Kemp,Chennai Super Kings,2,26,25,2,13,104,22
JM Sharma,Punjab Kings,36,730,501,32,22.8125,145.7085828,49
JO Holder,Kolkata Knight Riders,4,22,20,4,5.5,110,47
JO Holder,Lucknow Super Giants,8,58,46,6,9.666666667,126.0869565,47
JO Holder,Rajasthan Royals,3,12,12,2,6,100,47
JO Holder,Sunrisers Hyderabad,12,167,139,9,18.55555556,120.1438849,47
JP Behrendorff,Mumbai Indians,2,6,9,0,6,66.66666667,3
JP Duminy,Deccan Chargers,19,449,371,13,34.53846154,121.0242588,78
JP Duminy,Delhi Daredevils,35,1015,795,23,44.13043478,127.672956,78
JP Duminy,Mumbai Indians,21,565,514,13,43.46153846,109.922179,78
JP Faulkner,Gujarat Lions,11,131,120,8,16.375,109.1666667,46
JP Faulkner,Kings XI Punjab,2,14,14,1,14,100,46
JP Faulkner,Rajasthan Royals,32,382,272,19,20.10526316,140.4411765,46
JPR Scantlebury-Searles,Kolkata Knight Riders,2,8,6,1,8,133.3333333,6
JR Hazlewood,Royal Challengers Bangalore,6,19,29,0,19,65.51724138,7
JR Hopes,Delhi Daredevils,8,196,162,6,32.66666667,120.9876543,71
JR Hopes,Kings XI Punjab,11,221,152,11,20.09090909,145.3947368,71
JR Philippe,Royal Challengers Bangalore,5,78,80,4,19.5,97.5,33
Jaskaran Singh,Deccan Chargers,4,8,11,2,4,72.72727273,4
Joginder Sharma,Chennai Super Kings,5,36,30,4,9,120,16
K Goel,Kings XI Punjab,16,218,239,14,15.57142857,91.21338912,38
K Gowtham,Kings XI Punjab,2,42,27,1,42,155.5555556,33
K Gowtham,Lucknow Super Giants,8,61,46,5,12.2,132.6086957,33
K Gowtham,Rajasthan Royals,17,144,86,12,12,167.4418605,33
K Kartikeya,Mumbai Indians,2,9,13,2,4.5,69.23076923,6
K Rabada,Delhi Capitals,13,83,73,7,11.85714286,113.6986301,44
K Rabada,Delhi Daredevils,3,55,68,3,18.33333333,80.88235294,44
K Rabada,Punjab Kings,12,68,66,6,11.33333333,103.030303,44
K Upadhyay,Pune Warriors,2,12,9,0,12,133.3333333,11
K Yadav,Rajasthan Royals,1,0,4,0,0,0,0
KA Jamieson,Royal Challengers Bangalore,7,65,55,3,21.66666667,118.1818182,16
KA Maharaj,Rajasthan Royals,1,1,2,1,1,50,1
KA Pollard,Mumbai Indians,168,3437,2447,129,26.64341085,140.4577033,87
KAJ Roach,Deccan Chargers,1,10,9,1,10,111.1111111,10
KB Arun Karthik,Chennai Super Kings,1,3,5,0,3,60,19
KB Arun Karthik,Royal Challengers Bangalore,7,48,48,5,9.6,100,19
KC Cariappa,Kings XI Punjab,4,15,18,3,5,83.33333333,12
KC Cariappa,Kolkata Knight Riders,1,9,3,0,9,300,12
KC Sangakkara,Deccan Chargers,25,558,488,24,23.25,114.3442623,94
KC Sangakkara,Kings XI Punjab,34,1009,799,36,28.02777778,126.2828536,94
KC Sangakkara,Sunrisers Hyderabad,9,120,137,9,13.33333333,87.59124088,94
KD Karthik,Delhi Daredevils,49,1036,835,41,25.26829268,124.0718563,97
KD Karthik,Gujarat Lions,28,696,541,24,29,128.650647,97
KD Karthik,Kings XI Punjab,13,282,225,12,23.5,125.3333333,97
KD Karthik,Kolkata Knight Riders,57,1144,838,40,28.6,136.5155131,97
KD Karthik,Mumbai Indians,33,748,639,35,21.37142857,117.057903,97
KD Karthik,Royal Challengers Bangalore,40,611,414,28,21.82142857,147.5845411,97
KD Karthik,Royal Challengers Bengaluru,13,326,195,9,36.22222222,167.1794872,97
KH Pandya,Lucknow Super Giants,38,504,434,26,19.38461538,116.1290323,86
KH Pandya,Mumbai Indians,69,1143,853,48,23.8125,133.9976553,86
KJ Abbott,Kings XI Punjab,3,13,8,1,13,162.5,12
KK Ahmed,Delhi Capitals,2,0,2,2,0,0,1
KK Ahmed,Sunrisers Hyderabad,3,1,5,3,0.333333333,20,1
KK Cooper,Rajasthan Royals,12,116,70,9,12.88888889,165.7142857,32
KK Nair,Delhi Daredevils,25,638,533,24,26.58333333,119.6998124,83
KK Nair,Kings XI Punjab,16,322,245,16,20.125,131.4285714,83
KK Nair,Rajasthan Royals,25,527,402,23,22.91304348,131.0945274,83
KK Nair,Royal Challengers Bangalore,2,9,12,2,4.5,75,83
KL Nagarkoti,Kolkata Knight Riders,7,22,34,4,5.5,64.70588235,8
KL Rahul,Kings XI Punjab,42,1928,1404,38,50.73684211,137.3219373,132
KL Rahul,Lucknow Super Giants,37,1410,1117,33,42.72727273,126.2309758,132
KL Rahul,Punjab Kings,13,626,465,9,69.55555556,134.6236559,132
KL Rahul,Royal Challengers Bangalore,14,417,293,11,37.90909091,142.3208191,132
KL Rahul,Sunrisers Hyderabad,16,308,299,15,20.53333333,103.0100334,132
KM Asif,Rajasthan Royals,1,0,2,1,0,0,0
KM Jadhav,Chennai Super Kings,18,248,263,13,19.07692308,94.29657795,69
KM Jadhav,Delhi Daredevils,37,566,434,23,24.60869565,130.4147465,69
KM Jadhav,Kochi Tuskers Kerala,4,18,23,3,6,78.26086957,69
KM Jadhav,Royal Challengers Bangalore,17,321,237,11,29.18181818,135.443038,69
KM Jadhav,Sunrisers Hyderabad,5,55,55,4,13.75,100,69
KMA Paul,Delhi Capitals,5,18,26,4,4.5,69.23076923,7
KMDN Kulasekara,Chennai Super Kings,1,5,3,0,5,166.6666667,5
KP Appanna,Royal Challengers Bangalore,3,2,4,1,2,50,1
KP Pietersen,Delhi Daredevils,19,599,449,16,37.4375,133.4075724,103
KP Pietersen,Rising Pune Supergiants,4,73,61,3,24.33333333,119.6721311,103
KP Pietersen,Royal Challengers Bangalore,13,329,248,10,32.9,132.6612903,103
KR Mayers,Lucknow Super Giants,13,379,276,13,29.15384615,137.3188406,73
KR Sen,Rajasthan Royals,1,0,3,0,0,0,0
KS Bharat,Delhi Capitals,2,8,7,2,4,114.2857143,78
KS Bharat,Royal Challengers Bangalore,6,191,161,5,38.2,118.6335404,78
KS Sharma,Lucknow Super Giants,3,16,25,3,5.333333333,64,9
KS Williamson,Gujarat Titans,2,27,27,2,13.5,100,89
KS Williamson,Sunrisers Hyderabad,74,2105,1707,57,36.92982456,123.3157586,89
KV Sharma,Mumbai Indians,6,49,42,6,8.166666667,116.6666667,39
KV Sharma,Royal Challengers Bangalore,3,4,8,3,1.333333333,50,39
KV Sharma,Royal Challengers Bengaluru,3,31,16,2,15.5,193.75,39
KV Sharma,Sunrisers Hyderabad,27,267,240,14,19.07142857,111.25,39
KW Richardson,Pune Warriors,2,34,36,2,17,94.44444444,26
KW Richardson,Rajasthan Royals,1,1,2,1,1,50,26
KW Richardson,Royal Challengers Bangalore,1,1,1,0,1,100,26
Kamran Akmal,Rajasthan Royals,6,128,78,4,32,164.1025641,53
Kamran Khan,Rajasthan Royals,1,3,5,1,3,60,3
Karanveer Singh,Kings XI Punjab,4,12,17,1,12,70.58823529,5
Kartik Tyagi,Rajasthan Royals,4,6,10,2,3,60,7
Kartik Tyagi,Sunrisers Hyderabad,2,7,6,2,3.5,116.6666667,7
Kuldeep Yadav,Delhi Capitals,22,126,148,6,21,85.13513514,35
Kuldeep Yadav,Kolkata Knight Riders,10,57,76,4,14.25,75,35
Kumar Kushagra,Delhi Capitals,3,3,7,3,1,42.85714286,2
L Ablish,Kings XI Punjab,1,0,2,0,0,0,0
L Balaji,Chennai Super Kings,7,22,35,5,4.4,62.85714286,15
L Balaji,Kings XI Punjab,2,1,3,1,1,33.33333333,15
L Balaji,Kolkata Knight Riders,4,13,12,1,13,108.3333333,15
L Ronchi,Mumbai Indians,5,34,37,3,11.33333333,91.89189189,13
L Wood,Mumbai Indians,1,9,3,0,9,300,9
LA Carseldine,Rajasthan Royals,5,81,71,3,27,114.084507,39
LA Pomersbach,Kings XI Punjab,12,251,210,7,35.85714286,119.5238095,79
LA Pomersbach,Royal Challengers Bangalore,4,51,41,4,12.75,124.3902439,79
LB Williams,Delhi Capitals,1,1,2,0,1,50,1
LE Plunkett,Delhi Daredevils,2,1,3,1,1,33.33333333,1
LH Ferguson,Gujarat Titans,2,5,4,2,2.5,125,24
LH Ferguson,Kolkata Knight Riders,3,61,42,1,61,145.2380952,24
LH Ferguson,Rising Pune Supergiant,1,1,1,0,1,100,24
LH Ferguson,Royal Challengers Bengaluru,1,1,1,1,1,100,24
LJ Wright,Pune Warriors,5,106,63,4,26.5,168.2539683,44
LMP Simmons,Mumbai Indians,29,1079,878,27,39.96296296,122.8929385,100
LPC Silva,Deccan Chargers,3,40,27,2,20,148.1481481,23
LR Shukla,Delhi Daredevils,3,31,38,3,10.33333333,81.57894737,48
LR Shukla,Kolkata Knight Riders,30,374,320,26,14.38461538,116.875,48
LRPL Taylor,Delhi Daredevils,16,256,239,14,18.28571429,107.1129707,81
LRPL Taylor,Pune Warriors,5,63,77,4,15.75,81.81818182,81
LRPL Taylor,Rajasthan Royals,11,181,158,5,36.2,114.556962,81
LRPL Taylor,Royal Challengers Bangalore,22,517,373,18,28.72222222,138.6058981,81
LS Livingstone,Punjab Kings,30,827,518,25,33.08,159.6525097,94
LS Livingstone,Rajasthan Royals,9,112,91,8,14,123.0769231,94
Lalit Yadav,Delhi Capitals,21,305,301,15,20.33333333,101.3289037,48
Liton Das,Kolkata Knight Riders,1,4,4,1,4,100,4
M Ashwin,Kings XI Punjab,4,7,9,2,3.5,77.77777778,9
M Ashwin,Mumbai Indians,4,12,14,2,6,85.71428571,9
M Ashwin,Punjab Kings,2,15,24,2,7.5,62.5,9
M Ashwin,Rising Pune Supergiants,1,0,1,1,0,0,9
M Ashwin,Royal Challengers Bangalore,1,1,2,1,1,50,9
M Jansen,Mumbai Indians,2,0,4,2,0,0,17
M Jansen,Sunrisers Hyderabad,10,66,67,6,11,98.50746269,17
M Kaif,Kings XI Punjab,3,28,31,3,9.333333333,90.32258065,34
M Kaif,Rajasthan Royals,14,176,176,9,19.55555556,100,34
M Kaif,Royal Challengers Bangalore,5,55,51,4,13.75,107.8431373,34
M Kartik,Kolkata Knight Riders,7,73,70,4,18.25,104.2857143,21
M Kartik,Pune Warriors,5,38,36,2,19,105.5555556,21
M Kartik,Royal Challengers Bangalore,2,2,3,1,2,66.66666667,21
M Klinger,Kochi Tuskers Kerala,4,73,78,4,18.25,93.58974359,29
M Manhas,Chennai Super Kings,5,35,26,3,11.66666667,134.6153846,42
M Manhas,Delhi Daredevils,14,232,216,7,33.14285714,107.4074074,42
M Manhas,Pune Warriors,19,247,244,14,17.64285714,101.2295082,42
M Markande,Mumbai Indians,7,27,30,3,9,90,18
M Markande,Sunrisers Hyderabad,3,21,14,0,21,150,18
M Morkel,Delhi Daredevils,14,100,60,8,12.5,166.6666667,23
M Morkel,Kolkata Knight Riders,3,9,8,0,9,112.5,23
M Morkel,Rajasthan Royals,3,17,25,3,5.666666667,68,23
M Muralitharan,Chennai Super Kings,6,9,13,4,2.25,69.23076923,6
M Muralitharan,Kochi Tuskers Kerala,1,5,8,0,5,62.5,6
M Muralitharan,Royal Challengers Bangalore,2,6,9,2,3,66.66666667,6
M Ntini,Chennai Super Kings,2,11,19,1,11,57.89473684,11
M Prasidh Krishna,Kolkata Knight Riders,5,3,12,1,3,25,4
M Prasidh Krishna,Rajasthan Royals,2,6,12,1,6,50,4
M Rawat,Pune Warriors,1,5,11,1,5,45.45454545,23
M Rawat,Rajasthan Royals,10,50,59,4,12.5,84.74576271,23
M Shahrukh Khan,Gujarat Titans,7,127,77,5,25.4,164.9350649,58
M Shahrukh Khan,Punjab Kings,30,426,336,20,21.3,126.7857143,58
M Theekshana,Chennai Super Kings,2,7,7,1,7,100,7
M Vijay,Chennai Super Kings,69,1708,1405,64,26.6875,121.5658363,127
M Vijay,Delhi Daredevils,11,207,197,12,17.25,105.0761421,127
M Vijay,Kings XI Punjab,25,704,606,21,33.52380952,116.1716172,127
M Vohra,Kings XI Punjab,41,957,750,38,25.18421053,127.6,95
M Vohra,Lucknow Super Giants,2,29,23,2,14.5,126.0869565,95
M Vohra,Rajasthan Royals,4,42,40,4,10.5,105,95
M Vohra,Royal Challengers Bangalore,4,55,50,4,13.75,110,95
M de Lange,Mumbai Indians,1,1,2,1,1,50,1
MA Agarwal,Delhi Daredevils,21,355,306,21,16.9047619,116.0130719,106
MA Agarwal,Kings XI Punjab,35,884,620,31,28.51612903,142.5806452,106
MA Agarwal,Punjab Kings,24,637,491,24,26.54166667,129.7352342,106
MA Agarwal,Rising Pune Supergiant,3,26,29,3,8.666666667,89.65517241,106
MA Agarwal,Royal Challengers Bangalore,24,433,357,23,18.82608696,121.2885154,106
MA Agarwal,Sunrisers Hyderabad,14,334,278,14,23.85714286,120.1438849,106
MA Khote,Mumbai Indians,3,24,22,2,12,109.0909091,9
MA Starc,Kolkata Knight Riders,5,9,11,2,4.5,81.81818182,29
MA Starc,Royal Challengers Bangalore,11,96,98,6,16,97.95918367,29
MA Wood,Chennai Super Kings,1,1,5,1,1,20,10
MA Wood,Lucknow Super Giants,2,11,5,1,11,220,10
MC Henriques,Delhi Daredevils,1,11,5,1,11,220,74
MC Henriques,Kolkata Knight Riders,3,38,40,2,19,95,74
MC Henriques,Punjab Kings,4,31,32,3,10.33333333,96.875,74
MC Henriques,Royal Challengers Bangalore,9,165,127,4,41.25,129.9212598,74
MC Henriques,Sunrisers Hyderabad,37,755,597,28,26.96428571,126.4656616,74
MC Juneja,Delhi Daredevils,7,125,134,7,17.85714286,93.28358209,49
MD Mishra,Deccan Chargers,11,166,149,10,16.6,111.409396,41
MD Mishra,Pune Warriors,6,71,64,5,14.2,110.9375,41
MD Shanaka,Gujarat Titans,3,26,26,2,13,100,17
MDKJ Perera,Rajasthan Royals,2,14,13,2,7,107.6923077,14
MEK Hussey,Chennai Super Kings,49,1768,1461,44,40.18181818,121.0130048,116
MEK Hussey,Mumbai Indians,9,209,187,8,26.125,111.7647059,116
MF Maharoof,Delhi Daredevils,14,177,124,10,17.7,142.7419355,39
MG Bracewell,Royal Challengers Bangalore,4,58,49,2,29,118.3673469,26
MG Johnson,Kings XI Punjab,18,92,103,10,9.2,89.32038835,16
MG Johnson,Kolkata Knight Riders,2,16,11,0,16,145.4545455,16
MG Johnson,Mumbai Indians,8,59,54,4,14.75,109.2592593,16
MJ Clarke,Pune Warriors,6,98,96,6,16.33333333,102.0833333,41
MJ Guptill,Kings XI Punjab,7,132,88,6,22,150,50
MJ Guptill,Mumbai Indians,3,57,55,3,19,103.6363636,50
MJ Guptill,Sunrisers Hyderabad,3,82,54,3,27.33333333,151.8518519,50
MJ Lumb,Deccan Chargers,1,0,2,1,0,0,83
MJ Lumb,Rajasthan Royals,11,278,196,9,30.88888889,141.8367347,83
MJ McClenaghan,Mumbai Indians,20,85,73,11,7.727272727,116.4383562,20
MJ Santner,Chennai Super Kings,11,70,77,6,11.66666667,90.90909091,22
MJ Suthar,Gujarat Titans,1,1,2,1,1,50,1
MK Lomror,Rajasthan Royals,10,181,154,8,22.625,117.5324675,54
MK Lomror,Royal Challengers Bangalore,15,221,161,13,17,137.2670807,54
MK Lomror,Royal Challengers Bengaluru,10,125,74,9,13.88888889,168.9189189,54
MK Pandey,Delhi Capitals,9,160,149,10,16,107.3825503,114
MK Pandey,Kolkata Knight Riders,52,1320,1084,40,33,121.7712177,114
MK Pandey,Lucknow Super Giants,6,88,84,6,14.66666667,104.7619048,114
MK Pandey,Mumbai Indians,2,3,10,2,1.5,30,114
MK Pandey,Pune Warriors,25,525,487,23,22.82608696,107.8028747,114
MK Pandey,Royal Challengers Bangalore,17,417,353,13,32.07692308,118.1303116,114
MK Pandey,Sunrisers Hyderabad,47,1346,1121,39,34.51282051,120.0713649,114
MK Tiwary,Delhi Daredevils,18,322,281,12,26.83333333,114.5907473,75
MK Tiwary,Kings XI Punjab,4,47,45,3,15.66666667,104.4444444,75
MK Tiwary,Kolkata Knight Riders,48,1002,921,37,27.08108108,108.7947883,75
MK Tiwary,Rising Pune Supergiant,13,324,242,9,36,133.8842975,75
ML Hayden,Chennai Super Kings,32,1107,839,28,39.53571429,131.942789,93
MM Ali,Chennai Super Kings,40,853,650,36,23.69444444,131.2307692,93
MM Ali,Royal Challengers Bangalore,17,309,199,13,23.76923077,155.2763819,93
MM Patel,Gujarat Lions,1,0,1,1,0,0,23
MM Patel,Mumbai Indians,3,2,8,1,2,25,23
MM Patel,Rajasthan Royals,8,37,32,3,12.33333333,115.625,23
MM Sharma,Chennai Super Kings,9,29,28,3,9.666666667,103.5714286,21
MM Sharma,Gujarat Titans,3,2,17,2,1,11.76470588,21
MM Sharma,Kings XI Punjab,16,93,92,11,8.454545455,101.0869565,21
MN Samuels,Delhi Daredevils,4,29,32,3,9.666666667,90.625,46
MN Samuels,Pune Warriors,10,132,142,9,14.66666667,92.95774648,46
MN van Wyk,Kolkata Knight Riders,5,167,135,3,55.66666667,123.7037037,74
MP Stoinis,Delhi Capitals,24,441,324,19,23.21052632,136.1111111,124
MP Stoinis,Kings XI Punjab,15,262,214,11,23.81818182,122.4299065,124
MP Stoinis,Lucknow Super Giants,39,952,669,33,28.84848485,142.3019432,124
MP Stoinis,Royal Challengers Bangalore,10,211,159,4,52.75,132.7044025,124
MR Marsh,Deccan Chargers,2,28,31,2,14,90.32258065,89
MR Marsh,Delhi Capitals,21,440,330,19,23.15789474,133.3333333,89
MR Marsh,Pune Warriors,11,190,159,9,21.11111111,119.4968553,89
MR Marsh,Rising Pune Supergiants,1,7,11,1,7,63.63636364,89
MR Marsh,Sunrisers Hyderabad,1,0,1,1,0,0,89
MS Bisla,Kings XI Punjab,10,218,189,9,24.22222222,115.3439153,92
MS Bisla,Kolkata Knight Riders,27,543,518,26,20.88461538,104.8262548,92
MS Bisla,Royal Challengers Bangalore,2,37,30,2,18.5,123.3333333,92
MS Dhoni,Chennai Super Kings,201,4669,3466,128,36.4765625,134.7085978,84
MS Dhoni,Rising Pune Supergiant,15,290,261,13,22.30769231,111.1111111,84
MS Dhoni,Rising Pune Supergiants,12,284,220,8,35.5,129.0909091,84
MS Gony,Chennai Super Kings,8,50,39,4,12.5,128.2051282,42
MS Gony,Deccan Chargers,3,4,10,2,2,40,42
MS Gony,Kings XI Punjab,4,45,27,3,15,166.6666667,42
MS Wade,Delhi Daredevils,3,22,33,3,7.333333333,66.66666667,35
MS Wade,Gujarat Titans,11,161,152,10,16.1,105.9210526,35
MV Boucher,Kolkata Knight Riders,2,6,6,1,6,100,50
MV Boucher,Royal Challengers Bangalore,21,388,312,14,27.71428571,124.3589744,50
MW Short,Punjab Kings,6,117,99,6,19.5,118.1818182,36
Mandeep Singh,Delhi Capitals,3,18,24,3,6,75,77
Mandeep Singh,Kings XI Punjab,57,1058,880,48,22.04166667,120.2272727,77
Mandeep Singh,Kolkata Knight Riders,5,18,27,5,3.6,66.66666667,77
Mandeep Singh,Punjab Kings,1,15,14,1,15,107.1428571,77
Mandeep Singh,Royal Challengers Bangalore,31,597,473,28,21.32142857,126.2156448,77
Mashrafe Mortaza,Kolkata Knight Riders,1,2,2,0,2,100,2
Mayank Dagar,Royal Challengers Bengaluru,1,0,1,0,0,0,0
Misbah-ul-Haq,Royal Challengers Bangalore,8,117,82,9,13,142.6829268,47
Mohammad Ashraful,Mumbai Indians,1,2,12,1,2,16.66666667,2
Mohammad Asif,Delhi Daredevils,2,3,6,2,1.5,50,3
Mohammad Hafeez,Kolkata Knight Riders,8,64,84,8,8,76.19047619,16
Mohammad Nabi,Mumbai Indians,5,35,31,4,8.75,112.9032258,37
Mohammad Nabi,Sunrisers Hyderabad,14,186,126,13,14.30769231,147.6190476,37
Mohammed Shami,Delhi Daredevils,13,48,42,7,6.857142857,114.2857143,21
Mohammed Shami,Gujarat Titans,2,5,8,2,2.5,62.5,21
Mohammed Shami,Kings XI Punjab,4,3,5,2,1.5,60,21
Mohammed Shami,Kolkata Knight Riders,1,5,10,1,5,50,21
Mohammed Shami,Punjab Kings,3,13,17,1,13,76.47058824,21
Mohammed Siraj,Royal Challengers Bangalore,19,97,113,9,10.77777778,85.84070796,14
Mohammed Siraj,Royal Challengers Bengaluru,1,12,9,1,12,133.3333333,14
Mohit Rathee,Punjab Kings,1,1,2,0,1,50,1
Mohsin Khan,Lucknow Super Giants,5,25,27,2,12.5,92.59259259,13
Mujeeb Ur Rahman,Kings XI Punjab,5,11,14,3,3.666666667,78.57142857,10
Mujeeb Ur Rahman,Sunrisers Hyderabad,1,1,1,0,1,100,10
Mukesh Choudhary,Chennai Super Kings,2,6,6,0,6,100,4
Mukesh Kumar,Delhi Capitals,5,10,20,1,10,50,6
Mustafizur Rahman,Delhi Capitals,2,4,6,0,4,66.66666667,8
Mustafizur Rahman,Mumbai Indians,1,1,3,1,1,33.33333333,8
Mustafizur Rahman,Rajasthan Royals,3,8,14,0,8,57.14285714,8
N Jagadeesan,Chennai Super Kings,4,73,71,3,24.33333333,102.8169014,39
N Jagadeesan,Kolkata Knight Riders,6,89,84,6,14.83333333,105.952381,39
N Pooran,Kings XI Punjab,20,521,325,19,27.42105263,160.3076923,77
N Pooran,Lucknow Super Giants,29,857,513,19,45.10526316,167.0565302,77
N Pooran,Punjab Kings,10,85,77,10,8.5,110.3896104,77
N Pooran,Sunrisers Hyderabad,13,306,228,8,38.25,134.2105263,77
N Rana,Kolkata Knight Riders,86,2199,1660,79,27.83544304,132.4698795,87
N Rana,Mumbai Indians,15,437,355,15,29.13333333,123.0985915,87
N Saini,Kings XI Punjab,10,140,143,11,12.72727273,97.9020979,50
N Wadhera,Mumbai Indians,16,350,261,15,23.33333333,134.0996169,64
ND Doshi,Rajasthan Royals,1,0,13,1,0,0,0
NJ Maddinson,Royal Challengers Bangalore,3,20,21,3,6.666666667,95.23809524,12
NJ Rimmington,Kings XI Punjab,1,1,1,0,1,100,1
NK Patel,Rajasthan Royals,6,121,124,5,24.2,97.58064516,57
NL McCullum,Pune Warriors,2,26,23,3,8.666666667,113.0434783,15
NLTC Perera,Kings XI Punjab,2,12,15,2,6,80,40
NLTC Perera,Kochi Tuskers Kerala,2,23,29,2,11.5,79.31034483,40
NLTC Perera,Mumbai Indians,2,4,12,1,4,33.33333333,40
NLTC Perera,Rising Pune Supergiants,10,150,97,7,21.42857143,154.6391753,40
NLTC Perera,Sunrisers Hyderabad,14,235,173,12,19.58333333,135.8381503,40
NM Coulter-Nile,Delhi Daredevils,7,29,34,3,9.666666667,85.29411765,24
NM Coulter-Nile,Kolkata Knight Riders,3,14,13,3,4.666666667,107.6923077,24
NM Coulter-Nile,Mumbai Indians,5,38,26,4,9.5,146.1538462,24
NM Coulter-Nile,Rajasthan Royals,1,1,2,0,1,50,24
NS Naik,Kings XI Punjab,2,23,33,2,11.5,69.6969697,22
NS Naik,Kolkata Knight Riders,2,8,20,2,4,40,22
NT Ellis,Punjab Kings,5,19,26,4,4.75,73.07692308,12
NV Ojha,Delhi Daredevils,33,425,413,26,16.34615385,102.905569,94
NV Ojha,Rajasthan Royals,22,545,439,19,28.68421053,124.1457859,94
NV Ojha,Sunrisers Hyderabad,39,584,508,29,20.13793103,114.9606299,94
Naman Dhir,Mumbai Indians,7,140,84,6,23.33333333,166.6666667,62
Navdeep Saini,Rajasthan Royals,1,2,2,1,2,100,12
Navdeep Saini,Royal Challengers Bangalore,6,31,36,3,10.33333333,86.11111111,12
Naveen-ul-Haq,Lucknow Super Giants,4,18,26,2,9,69.23076923,13
Nithish Kumar Reddy,Sunrisers Hyderabad,11,303,221,9,33.66666667,137.1040724,76
Noor Ahmad,Gujarat Titans,5,13,18,4,3.25,72.22222222,7
OA Shah,Kochi Tuskers Kerala,2,26,16,1,26,162.5,76
OA Shah,Kolkata Knight Riders,5,115,96,3,38.33333333,119.7916667,76
OA Shah,Rajasthan Royals,15,365,293,9,40.55555556,124.5733788,76
OC McCoy,Rajasthan Royals,1,8,5,0,8,160,8
OF Smith,Punjab Kings,6,51,50,3,17,102,25
P Awana,Kings XI Punjab,5,5,14,3,1.666666667,35.71428571,4
P Chopra,Rajasthan Royals,1,8,6,1,8,133.3333333,8
P Dogra,Kings XI Punjab,3,15,25,5,3,60,41
P Dogra,Kolkata Knight Riders,1,5,8,1,5,62.5,41
P Dogra,Rajasthan Royals,8,107,108,6,17.83333333,99.07407407,41
P Dubey,Delhi Capitals,2,23,33,1,23,69.6969697,16
P Kumar,Gujarat Lions,8,32,36,5,6.4,88.88888889,34
P Kumar,Kings XI Punjab,21,109,106,10,10.9,102.8301887,34
P Kumar,Mumbai Indians,1,1,2,1,1,50,34
P Kumar,Royal Challengers Bangalore,23,181,154,16,11.3125,117.5324675,34
P Kumar,Sunrisers Hyderabad,4,17,25,2,8.5,68,34
P Negi,Chennai Super Kings,9,116,77,6,19.33333333,150.6493506,36
P Negi,Delhi Daredevils,10,93,93,5,18.6,100,36
P Negi,Royal Challengers Bangalore,16,156,131,15,10.4,119.0839695,36
P Parameswaran,Kochi Tuskers Kerala,1,1,1,0,1,100,1
P Parameswaran,Royal Challengers Bangalore,1,0,2,0,0,0,1
P Ray Barman,Royal Challengers Bangalore,1,19,25,1,19,76,19
P Sahu,Kings XI Punjab,2,19,13,0,19,146.1538462,18
P Simran Singh,Kings XI Punjab,3,31,33,3,10.33333333,93.93939394,103
P Simran Singh,Punjab Kings,31,725,495,32,22.65625,146.4646465,103
PA Patel,Chennai Super Kings,26,516,529,24,21.5,97.54253308,81
PA Patel,Deccan Chargers,12,194,166,12,16.16666667,116.8674699,81
PA Patel,Kochi Tuskers Kerala,13,202,189,9,22.44444444,106.8783069,81
PA Patel,Mumbai Indians,40,911,724,40,22.775,125.8287293,81
PA Patel,Royal Challengers Bangalore,32,731,573,29,25.20689655,127.574171,81
PA Patel,Sunrisers Hyderabad,13,294,261,13,22.61538462,112.6436782,81
PA Reddy,Deccan Chargers,3,73,63,3,24.33333333,115.8730159,42
PA Reddy,Sunrisers Hyderabad,7,91,104,7,13,87.5,42
PBB Rajapaksa,Punjab Kings,13,277,201,12,23.08333333,137.8109453,50
PC Valthaty,Kings XI Punjab,21,499,420,20,24.95,118.8095238,120
PC Valthaty,Rajasthan Royals,2,6,12,2,3,50,120
PD Collingwood,Delhi Daredevils,7,203,159,4,50.75,127.672956,75
PD Salt,Delhi Capitals,9,218,135,8,27.25,161.4814815,89
PD Salt,Kolkata Knight Riders,12,435,250,12,36.25,174,89
PJ Cummins,Delhi Daredevils,8,77,54,5,15.4,142.5925926,66
PJ Cummins,Kolkata Knight Riders,21,302,206,17,17.76470588,146.6019417,66
PJ Cummins,Sunrisers Hyderabad,10,136,99,7,19.42857143,137.3737374,66
PJ Sangwan,Delhi Daredevils,8,18,30,4,4.5,60,6
PJ Sangwan,Gujarat Lions,3,2,4,2,1,50,6
PJ Sangwan,Gujarat Titans,1,2,6,1,2,33.33333333,6
PJ Sangwan,Kolkata Knight Riders,1,4,2,0,4,200,6
PJ Sangwan,Mumbai Indians,1,0,5,1,0,0,6
PK Garg,Delhi Capitals,2,22,23,3,7.333333333,95.65217391,51
PK Garg,Sunrisers Hyderabad,17,251,224,16,15.6875,112.0535714,51
PM Sarvesh Kumar,Deccan Chargers,1,1,2,0,1,50,1
PN Mankad,Lucknow Super Giants,4,93,74,3,31,125.6756757,64
PN Mankad,Punjab Kings,1,4,1,0,4,400,64
PP Chawla,Kings XI Punjab,49,401,366,30,13.36666667,109.5628415,24
PP Chawla,Kolkata Knight Riders,26,183,175,20,9.15,104.5714286,24
PP Chawla,Mumbai Indians,11,40,39,7,5.714285714,102.5641026,24
PP Ojha,Deccan Chargers,10,6,19,7,0.857142857,31.57894737,3
PP Ojha,Mumbai Indians,9,10,26,3,3.333333333,38.46153846,3
PP Shaw,Delhi Capitals,70,1647,1156,68,24.22058824,142.4740484,99
PP Shaw,Delhi Daredevils,9,245,165,9,27.22222222,148.4848485,99
PR Shah,Mumbai Indians,8,87,92,7,12.42857143,94.56521739,29
PR Shah,Rajasthan Royals,1,5,5,1,5,100,29
PSP Handscomb,Rising Pune Supergiants,1,6,12,1,6,50,6
PV Tambe,Gujarat Lions,1,7,19,0,7,36.84210526,7
PV Tambe,Rajasthan Royals,5,11,20,1,11,55,7
PVD Chameera,Lucknow Super Giants,7,43,32,3,14.33333333,134.375,17
PWH de Silva,Royal Challengers Bangalore,14,72,80,11,6.545454545,90,18
Pankaj Singh,Rajasthan Royals,2,5,8,0,5,62.5,4
Pankaj Singh,Royal Challengers Bangalore,3,2,4,2,1,50,4
Parvez Rasool,Pune Warriors,2,5,9,1,5,55.55555556,10
Parvez Rasool,Royal Challengers Bangalore,1,10,9,1,10,111.1111111,10
Parvez Rasool,Sunrisers Hyderabad,1,2,2,0,2,100,10
Q de Kock,Delhi Daredevils,23,720,550,22,32.72727273,130.9090909,140
Q de Kock,Lucknow Super Giants,30,901,647,30,30.03333333,139.2581144,140
Q de Kock,Mumbai Indians,43,1332,1033,39,34.15384615,128.9448209,140
Q de Kock,Royal Challengers Bangalore,8,201,164,7,28.71428571,122.5609756,140
Q de Kock,Sunrisers Hyderabad,3,6,16,3,2,37.5,140
R Ashwin,Chennai Super Kings,30,190,208,18,10.55555556,91.34615385,50
R Ashwin,Delhi Capitals,10,81,77,6,13.5,105.1948052,50
R Ashwin,Kings XI Punjab,14,144,104,13,11.07692308,138.4615385,50
R Ashwin,Rajasthan Royals,29,344,271,20,17.2,126.9372694,50
R Ashwin,Rising Pune Supergiants,6,41,38,2,20.5,107.8947368,50
R Bhatia,Delhi Daredevils,11,66,63,10,6.6,104.7619048,26
R Bhatia,Kolkata Knight Riders,22,159,134,11,14.45454545,118.6567164,26
R Bhatia,Rajasthan Royals,8,67,56,6,11.16666667,119.6428571,26
R Bhatia,Rising Pune Supergiant,1,16,17,1,16,94.11764706,26
R Bhatia,Rising Pune Supergiants,5,34,20,1,34,170,26
R Bishnoi,Royal Challengers Bangalore,3,19,17,3,6.333333333,111.7647059,18
R Dhawan,Kings XI Punjab,12,132,114,4,33,115.7894737,25
R Dhawan,Mumbai Indians,4,21,21,3,7,100,25
R Dhawan,Punjab Kings,6,57,53,3,19,107.5471698,25
R Dravid,Rajasthan Royals,45,1276,1177,43,29.6744186,108.411215,75
R Dravid,Royal Challengers Bangalore,37,898,741,34,26.41176471,121.1875843,75
R McLaren,Kings XI Punjab,4,90,101,3,30,89.10891089,51
R McLaren,Kolkata Knight Riders,2,3,6,2,1.5,50,51
R McLaren,Mumbai Indians,7,66,71,3,22,92.95774648,51
R Ninan,Royal Challengers Bangalore,1,3,6,1,3,50,3
R Parag,Rajasthan Royals,58,1173,909,47,24.95744681,129.0429043,84
R Powell,Delhi Capitals,15,257,183,14,18.35714286,140.4371585,67
R Powell,Rajasthan Royals,7,103,71,6,17.16666667,145.0704225,67
R Rampaul,Royal Challengers Bangalore,7,51,52,5,10.2,98.07692308,23
R Ravindra,Chennai Super Kings,10,222,146,9,24.66666667,152.0547945,61
R Sai Kishore,Gujarat Titans,1,13,6,1,13,216.6666667,13
R Sanjay Yadav,Mumbai Indians,1,0,2,1,0,0,0
R Sathish,Kings XI Punjab,8,109,79,5,21.8,137.9746835,27
R Sathish,Kolkata Knight Riders,3,24,24,3,8,100,27
R Sathish,Mumbai Indians,13,137,133,8,17.125,103.0075188,27
R Sharma,Deccan Chargers,4,29,26,3,9.666666667,111.5384615,14
R Sharma,Pune Warriors,15,37,51,8,4.625,72.54901961,14
R Shepherd,Lucknow Super Giants,1,0,1,1,0,0,39
R Shepherd,Mumbai Indians,5,57,24,2,28.5,237.5,39
R Shepherd,Sunrisers Hyderabad,3,58,43,3,19.33333333,134.8837209,39
R Shukla,Delhi Daredevils,3,18,21,2,9,85.71428571,14
R Shukla,Rajasthan Royals,1,1,2,0,1,50,14
R Tewatia,Delhi Capitals,4,26,22,1,26,118.1818182,53
R Tewatia,Delhi Daredevils,5,50,47,4,12.5,106.3829787,53
R Tewatia,Gujarat Titans,31,492,356,19,25.89473684,138.2022472,53
R Tewatia,Kings XI Punjab,2,19,11,1,19,172.7272727,53
R Tewatia,Rajasthan Royals,23,426,352,18,23.66666667,121.0227273,53
R Vinay Kumar,Kochi Tuskers Kerala,7,50,48,6,8.333333333,104.1666667,26
R Vinay Kumar,Kolkata Knight Riders,3,10,11,2,5,90.90909091,26
R Vinay Kumar,Mumbai Indians,4,13,14,2,6.5,92.85714286,26
R Vinay Kumar,Royal Challengers Bangalore,28,237,216,16,14.8125,109.7222222,26
RA Bawa,Punjab Kings,2,11,14,2,5.5,78.57142857,11
RA Jadeja,Chennai Super Kings,121,1897,1453,72,26.34722222,130.5574673,62
RA Jadeja,Gujarat Lions,25,349,307,14,24.92857143,113.6807818,62
RA Jadeja,Kochi Tuskers Kerala,12,283,234,9,31.44444444,120.9401709,62
RA Jadeja,Rajasthan Royals,22,430,384,19,22.63157895,111.9791667,62
RA Tripathi,Kolkata Knight Riders,27,627,471,25,25.08,133.1210191,93
RA Tripathi,Rajasthan Royals,19,367,295,15,24.46666667,124.4067797,93
RA Tripathi,Rising Pune Supergiant,14,391,275,12,32.58333333,142.1818182,93
RA Tripathi,Sunrisers Hyderabad,33,851,609,29,29.34482759,139.7372742,93
RD Chahar,Mumbai Indians,9,28,30,6,4.666666667,93.33333333,25
RD Chahar,Punjab Kings,12,98,95,10,9.8,103.1578947,25
RD Chahar,Rising Pune Supergiant,1,3,2,0,3,150,25
RD Gaikwad,Chennai Super Kings,65,2380,1781,56,42.5,133.6327906,108
RE Levi,Mumbai Indians,6,83,74,6,13.83333333,112.1621622,50
RE van der Merwe,Delhi Daredevils,6,36,41,3,12,87.80487805,35
RE van der Merwe,Royal Challengers Bangalore,9,123,103,9,13.66666667,119.4174757,35
RG More,Chennai Super Kings,1,2,2,0,2,100,2
RG Sharma,Deccan Chargers,44,1170,909,42,27.85714286,128.7128713,109
RG Sharma,Mumbai Indians,207,5460,4274,190,28.73684211,127.7491811,109
RJ Gleeson,Chennai Super Kings,1,2,2,0,2,100,2
RJ Harris,Deccan Chargers,10,66,57,5,13.2,115.7894737,17
RJ Harris,Kings XI Punjab,11,51,55,7,7.285714286,92.72727273,17
RJ Peterson,Mumbai Indians,5,32,32,3,10.66666667,100,16
RJ Quiney,Rajasthan Royals,7,103,105,7,14.71428571,98.0952381,51
RJW Topley,Royal Challengers Bengaluru,1,3,6,0,3,50,3
RK Bhui,Delhi Capitals,2,3,9,2,1.5,33.33333333,7
RK Bhui,Sunrisers Hyderabad,2,7,18,2,3.5,38.88888889,7
RK Singh,Kolkata Knight Riders,40,893,654,29,30.79310345,136.5443425,67
RM Patidar,Royal Challengers Bangalore,11,404,297,10,40.4,136.026936,112
RM Patidar,Royal Challengers Bengaluru,13,395,237,14,28.21428571,166.6666667,112
RN ten Doeschate,Kolkata Knight Riders,21,326,238,17,19.17647059,136.9747899,70
RP Meredith,Mumbai Indians,2,0,3,1,0,0,0
RP Singh,Deccan Chargers,19,44,62,11,4,70.96774194,10
RP Singh,Kochi Tuskers Kerala,4,2,4,2,1,50,10
RP Singh,Mumbai Indians,5,6,12,2,3,50,10
RR Bhatkal,Royal Challengers Bangalore,1,0,2,2,0,0,0
RR Pant,Delhi Capitals,72,2049,1503,60,34.15,136.3273453,128
RR Pant,Delhi Daredevils,38,1248,793,36,34.66666667,157.3770492,128
RR Powar,Kings XI Punjab,6,56,51,1,56,109.8039216,28
RR Powar,Kochi Tuskers Kerala,3,11,13,2,5.5,84.61538462,28
RR Raje,Mumbai Indians,5,20,18,1,20,111.1111111,11
RR Rossouw,Delhi Capitals,9,209,148,7,29.85714286,141.2162162,82
RR Rossouw,Punjab Kings,8,211,122,8,26.375,172.9508197,82
RR Rossouw,Royal Challengers Bangalore,5,53,51,6,8.833333333,103.9215686,82
RR Sarwan,Kings XI Punjab,4,73,78,3,24.33333333,93.58974359,31
RS Bopara,Kings XI Punjab,14,386,347,14,27.57142857,111.2391931,84
RS Bopara,Sunrisers Hyderabad,8,145,121,5,29,119.8347107,84
RS Gavaskar,Kolkata Knight Riders,1,2,8,1,2,25,2
RS Sodhi,Kings XI Punjab,1,4,2,0,4,200,4
RT Ponting,Kolkata Knight Riders,4,39,53,3,13,73.58490566,28
RT Ponting,Mumbai Indians,5,52,76,5,10.4,68.42105263,28
RV Gomez,Kochi Tuskers Kerala,8,46,52,7,6.571428571,88.46153846,26
RV Gomez,Pune Warriors,1,4,1,0,4,400,26
RV Patel,Delhi Capitals,7,80,76,5,16,105.2631579,23
RV Uthappa,Chennai Super Kings,15,345,267,15,23,129.2134831,88
RV Uthappa,Kolkata Knight Riders,84,2441,1841,82,29.76829268,132.5909832,88
RV Uthappa,Mumbai Indians,14,320,291,12,26.66666667,109.9656357,88
RV Uthappa,Pune Warriors,45,1103,957,40,27.575,115.2560084,88
RV Uthappa,Rajasthan Royals,12,196,170,12,16.33333333,115.2941176,88
RV Uthappa,Royal Challengers Bangalore,27,549,401,23,23.86956522,136.9077307,88
Rahmanullah Gurbaz,Kolkata Knight Riders,13,289,228,13,22.23076923,126.754386,81
Ramandeep Singh,Kolkata Knight Riders,9,125,64,4,31.25,195.3125,35
Ramandeep Singh,Mumbai Indians,4,45,42,2,22.5,107.1428571,35
Rashid Khan,Gujarat Titans,25,323,185,13,24.84615385,174.5945946,79
Rashid Khan,Sunrisers Hyderabad,33,222,170,24,9.25,130.5882353,79
Rasikh Salam,Delhi Capitals,4,28,30,4,7,93.33333333,10
Rasikh Salam,Kolkata Knight Riders,1,7,6,1,7,116.6666667,10
Rasikh Salam,Mumbai Indians,1,5,4,0,5,125,10
Ravi Bishnoi,Kings XI Punjab,2,7,12,1,7,58.33333333,6
Ravi Bishnoi,Lucknow Super Giants,11,24,35,5,4.8,68.57142857,6
Ravi Bishnoi,Punjab Kings,1,1,5,1,1,20,6
S Anirudha,Chennai Super Kings,11,133,116,7,19,114.6551724,64
S Anirudha,Sunrisers Hyderabad,1,3,5,1,3,60,64
S Aravind,Royal Challengers Bangalore,10,59,59,3,19.66666667,100,14
S Badree,Royal Challengers Bangalore,5,13,25,5,2.6,52,8
S Badrinath,Chennai Super Kings,65,1441,1245,48,30.02083333,115.7429719,71
S Chanderpaul,Royal Challengers Bangalore,3,25,33,3,8.333333333,75.75757576,16
S Dhawan,Deccan Chargers,29,969,763,25,38.76,126.9986894,106
S Dhawan,Delhi Capitals,49,1726,1304,45,38.35555556,132.3619632,106
S Dhawan,Delhi Daredevils,14,340,308,10,34,110.3896104,106
S Dhawan,Mumbai Indians,14,231,226,14,16.5,102.2123894,106
S Dhawan,Punjab Kings,30,985,795,27,36.48148148,123.8993711,106
S Dhawan,Sunrisers Hyderabad,85,2518,2087,73,34.49315068,120.6516531,106
S Dube,Chennai Super Kings,39,1103,730,31,35.58064516,151.0958904,95
S Dube,Rajasthan Royals,9,230,205,8,28.75,112.195122,95
S Dube,Royal Challengers Bangalore,13,169,142,11,15.36363636,119.0140845,95
S Gopal,Mumbai Indians,3,14,27,2,7,51.85185185,24
S Gopal,Rajasthan Royals,18,157,139,11,14.27272727,112.9496403,24
S Gopal,Sunrisers Hyderabad,1,9,7,0,9,128.5714286,24
S Kaul,Delhi Daredevils,2,9,11,0,9,81.81818182,7
S Kaul,Sunrisers Hyderabad,7,11,25,3,3.666666667,44,7
S Kaushik,Gujarat Lions,1,0,1,1,0,0,0
S Ladda,Delhi Daredevils,2,0,10,2,0,0,0
S Lamichhane,Delhi Capitals,1,0,1,1,0,0,0
S Nadeem,Delhi Daredevils,17,32,79,14,2.285714286,40.50632911,6
S Nadeem,Sunrisers Hyderabad,3,7,9,2,3.5,77.77777778,6
S Narwal,Kolkata Knight Riders,1,23,16,1,23,143.75,23
S Narwal,Rajasthan Royals,3,14,13,3,4.666666667,107.6923077,23
S Rana,Pune Warriors,1,18,16,1,18,112.5,19
S Rana,Royal Challengers Bangalore,7,73,66,4,18.25,110.6060606,19
S Randiv,Chennai Super Kings,1,2,4,1,2,50,2
S Sohal,Deccan Chargers,10,249,201,9,27.66666667,123.880597,62
S Sohal,Kings XI Punjab,10,119,110,9,13.22222222,108.1818182,62
S Sreesanth,Kings XI Punjab,7,32,44,1,32,72.72727273,15
S Sreesanth,Kochi Tuskers Kerala,3,1,9,1,1,11.11111111,15
S Sreesanth,Rajasthan Royals,2,1,4,1,1,25,15
S Sriram,Delhi Daredevils,1,4,7,1,4,57.14285714,27
S Sriram,Royal Challengers Bangalore,1,27,31,1,27,87.09677419,27
S Tyagi,Chennai Super Kings,1,3,4,0,3,75,3
S Vidyut,Chennai Super Kings,8,145,115,8,18.125,126.0869565,54
SA Abbott,Royal Challengers Bangalore,2,15,13,1,15,115.3846154,14
SA Abbott,Sunrisers Hyderabad,1,7,5,1,7,140,14
SA Asnodkar,Rajasthan Royals,19,423,352,19,22.26315789,120.1704545,60
SA Yadav,Kolkata Knight Riders,41,608,475,28,21.71428571,128,103
SA Yadav,Mumbai Indians,94,2986,2047,84,35.54761905,145.8720078,103
SB Bangar,Deccan Chargers,6,47,49,5,9.4,95.91836735,17
SB Bangar,Kolkata Knight Riders,1,2,9,1,2,22.22222222,17
SB Dubey,Rajasthan Royals,3,33,21,2,16.5,157.1428571,25
SB Jakati,Chennai Super Kings,4,27,28,2,13.5,96.42857143,13
SB Jakati,Gujarat Lions,1,1,2,0,1,50,13
SB Joshi,Royal Challengers Bangalore,2,6,16,2,3,37.5,3
SB Styris,Chennai Super Kings,1,5,2,0,5,250,36
SB Styris,Deccan Chargers,9,126,132,7,18,95.45454545,36
SB Wagh,Pune Warriors,2,2,3,2,1,66.66666667,2
SC Ganguly,Kolkata Knight Riders,38,1031,977,38,27.13157895,105.5271238,91
SC Ganguly,Pune Warriors,18,318,349,16,19.875,91.11747851,91
SD Chitnis,Kings XI Punjab,5,75,73,4,18.75,102.739726,38
SD Chitnis,Mumbai Indians,2,18,10,2,9,180,38
SD Chitnis,Rajasthan Royals,1,6,9,1,6,66.66666667,38
SD Hope,Delhi Capitals,9,183,125,8,22.875,146.4,41
SD Lad,Mumbai Indians,1,15,13,1,15,115.3846154,15
SE Bond,Kolkata Knight Riders,1,1,2,1,1,50,1
SE Marsh,Kings XI Punjab,69,2489,1913,65,38.29230769,130.1097752,115
SE Rutherford,Delhi Capitals,7,73,55,5,14.6,132.7272727,28
SE Rutherford,Royal Challengers Bangalore,2,33,52,2,16.5,63.46153846,28
SH Johnson,Gujarat Titans,3,6,7,0,6,85.71428571,5
SJ Srivastava,Kings XI Punjab,4,5,5,1,5,100,3
SK Raina,Chennai Super Kings,171,4695,3546,142,33.06338028,132.4027073,100
SK Raina,Gujarat Lions,29,841,631,26,32.34615385,133.2805071,100
SK Trivedi,Rajasthan Royals,14,42,61,8,5.25,68.85245902,9
SK Warne,Rajasthan Royals,27,198,219,19,10.42105263,90.4109589,34
SL Malinga,Mumbai Indians,20,88,103,12,7.333333333,85.4368932,17
SM Curran,Chennai Super Kings,15,242,175,11,22,138.2857143,63
SM Curran,Kings XI Punjab,8,95,55,4,23.75,172.7272727,63
SM Curran,Punjab Kings,25,546,443,21,26,123.2505643,63
SM Harwood,Rajasthan Royals,2,9,14,0,9,64.28571429,6
SM Katich,Kings XI Punjab,11,241,191,10,24.1,126.1780105,75
SM Pollock,Mumbai Indians,8,147,116,8,18.375,126.7241379,33
SMSM Senanayake,Kolkata Knight Riders,4,10,17,1,10,58.82352941,7
SN Khan,Delhi Capitals,9,144,131,7,20.57142857,109.9236641,67
SN Khan,Kings XI Punjab,8,213,175,7,30.42857143,121.7142857,67
SN Khan,Punjab Kings,2,0,4,2,0,0,67
SN Khan,Royal Challengers Bangalore,17,228,146,13,17.53846154,156.1643836,67
SN Thakur,Chennai Super Kings,12,67,57,4,16.75,117.5438596,68
SN Thakur,Delhi Capitals,10,120,90,8,15,133.3333333,68
SN Thakur,Kings XI Punjab,1,7,6,0,7,116.6666667,68
SN Thakur,Kolkata Knight Riders,9,113,72,8,14.125,156.9444444,68
SN Thakur,Rising Pune Supergiant,3,0,3,3,0,0,68
SO Hetmyer,Delhi Capitals,23,427,280,14,30.5,152.5,75
SO Hetmyer,Rajasthan Royals,37,726,498,21,34.57142857,145.7831325,75
SO Hetmyer,Royal Challengers Bangalore,5,90,76,5,18,118.4210526,75
SP Fleming,Chennai Super Kings,10,196,171,9,21.77777778,114.619883,45
SP Goswami,Kolkata Knight Riders,4,29,31,3,9.666666667,93.5483871,52
SP Goswami,Rajasthan Royals,6,69,69,6,11.5,100,52
SP Goswami,Royal Challengers Bangalore,6,143,160,6,23.83333333,89.375,52
SP Goswami,Sunrisers Hyderabad,5,52,47,5,10.4,110.6382979,52
SP Jackson,Kolkata Knight Riders,8,61,57,6,10.16666667,107.0175439,16
SP Narine,Kolkata Knight Riders,106,1534,984,84,18.26190476,155.8943089,109
SPD Smith,Delhi Capitals,7,152,136,6,25.33333333,111.7647059,101
SPD Smith,Pune Warriors,21,521,406,15,34.73333333,128.3251232,101
SPD Smith,Rajasthan Royals,43,1080,873,39,27.69230769,123.7113402,101
SPD Smith,Rising Pune Supergiant,15,472,400,12,39.33333333,118,101
SPD Smith,Rising Pune Supergiants,7,270,184,6,45,146.7391304,101
SR Tendulkar,Mumbai Indians,78,2334,2044,71,32.87323944,114.1878669,100
SR Watson,Chennai Super Kings,43,1252,943,41,30.53658537,132.7677625,117
SR Watson,Rajasthan Royals,76,2378,1734,66,36.03030303,137.1395617,117
SR Watson,Royal Challengers Bangalore,22,250,215,19,13.15789474,116.2790698,117
SS Cottrell,Kings XI Punjab,1,0,2,1,0,0,0
SS Iyer,Delhi Capitals,41,1161,1013,38,30.55263158,114.6100691,96
SS Iyer,Delhi Daredevils,45,1218,972,42,29,125.308642,96
SS Iyer,Kolkata Knight Riders,28,752,560,22,34.18181818,134.2857143,96
SS Prabhudessai,Royal Challengers Bangalore,9,102,94,8,12.75,108.5106383,34
SS Prabhudessai,Royal Challengers Bengaluru,1,24,19,1,24,126.3157895,34
SS Shaikh,Kolkata Knight Riders,1,6,7,0,6,85.71428571,6
SS Tiwary,Delhi Daredevils,6,109,83,0,109,131.3253012,61
SS Tiwary,Mumbai Indians,30,728,577,23,31.65217391,126.169844,61
SS Tiwary,Rising Pune Supergiants,7,170,149,6,28.33333333,114.0939597,61
SS Tiwary,Royal Challengers Bangalore,30,487,482,21,23.19047619,101.0373444,61
ST Jayasuriya,Mumbai Indians,30,768,573,29,26.48275862,134.0314136,114
STR Binny,Mumbai Indians,1,8,5,1,8,160,48
STR Binny,Rajasthan Royals,53,731,577,34,21.5,126.6897747,48
STR Binny,Royal Challengers Bangalore,12,141,118,9,15.66666667,119.4915254,48
SV Samson,Delhi Daredevils,28,677,540,24,28.20833333,125.3703704,119
SV Samson,Rajasthan Royals,134,3742,2730,118,31.71186441,137.0695971,119
SW Billings,Chennai Super Kings,9,108,83,9,12,130.1204819,56
SW Billings,Delhi Daredevils,10,226,173,10,22.6,130.6358382,56
SW Billings,Kolkata Knight Riders,8,169,143,7,24.14285714,118.1818182,56
SW Tait,Rajasthan Royals,5,23,26,3,7.666666667,88.46153846,11
SZ Mulani,Mumbai Indians,1,1,1,0,1,100,1
Sachin Baby,Rajasthan Royals,1,3,7,1,3,42.85714286,33
Sachin Baby,Royal Challengers Bangalore,10,141,116,9,15.66666667,121.5517241,33
Salman Butt,Kolkata Knight Riders,7,193,172,7,27.57142857,112.2093023,73
Sameer Rizvi,Chennai Super Kings,5,51,43,4,12.75,118.6046512,21
Sandeep Sharma,Kings XI Punjab,11,26,36,1,26,72.22222222,9
Sandeep Sharma,Rajasthan Royals,2,2,7,0,2,28.57142857,9
Sandeep Sharma,Sunrisers Hyderabad,12,26,30,4,6.5,86.66666667,9
Sanvir Singh,Sunrisers Hyderabad,5,25,22,2,12.5,113.6363636,8
Saurav Chauhan,Royal Challengers Bengaluru,3,18,16,3,6,112.5,9
Shahbaz Ahmed,Royal Challengers Bangalore,25,321,294,19,16.89473684,109.1836735,59
Shahbaz Ahmed,Sunrisers Hyderabad,12,215,173,10,21.5,124.2774566,59
Shahid Afridi,Deccan Chargers,9,81,46,8,10.125,176.0869565,33
Shakib Al Hasan,Kolkata Knight Riders,38,547,451,30,18.23333333,121.286031,66
Shakib Al Hasan,Sunrisers Hyderabad,14,248,214,10,24.8,115.8878505,66
Shashank Singh,Punjab Kings,14,354,225,7,50.57142857,157.3333333,68
Shashank Singh,Sunrisers Hyderabad,5,69,47,4,17.25,146.8085106,68
Shivam Mavi,Kolkata Knight Riders,11,51,58,9,5.666666667,87.93103448,20
Shivam Sharma,Kings XI Punjab,2,5,3,1,5,166.6666667,4
Shivam Singh,Punjab Kings,1,2,3,0,2,66.66666667,2
Shoaib Ahmed,Deccan Chargers,3,1,6,2,0.5,16.66666667,1
Shoaib Akhtar,Kolkata Knight Riders,1,2,8,1,2,25,2
Shoaib Malik,Delhi Daredevils,5,52,49,4,13,106.122449,24
Shubman Gill,Gujarat Titans,45,1799,1251,42,42.83333333,143.804956,129
Shubman Gill,Kolkata Knight Riders,54,1417,1181,44,32.20454545,119.9830652,129
Sikandar Raza,Punjab Kings,9,182,143,7,26,127.2727273,57
Simarjeet Singh,Chennai Super Kings,3,7,8,1,7,87.5,3
Sohail Tanvir,Rajasthan Royals,5,36,31,3,12,116.1290323,13
Sumit Kumar,Delhi Capitals,3,18,26,2,9,69.23076923,9
Sunny Gupta,Delhi Daredevils,1,0,1,1,0,0,0
Sunny Singh,Kings XI Punjab,5,43,31,4,10.75,138.7096774,20
Swapnil Singh,Kings XI Punjab,3,12,20,3,4,60,15
Swapnil Singh,Lucknow Super Giants,1,2,4,0,2,50,15
Swapnil Singh,Royal Challengers Bengaluru,5,37,22,2,18.5,168.1818182,15
T Banton,Kolkata Knight Riders,2,18,22,2,9,81.81818182,10
T Henderson,Rajasthan Royals,2,11,16,1,11,68.75,11
T Kohler-Cadmore,Rajasthan Royals,3,48,54,3,16,88.88888889,20
T Kohli,Kings XI Punjab,1,1,4,1,1,25,7
T Kohli,Rajasthan Royals,2,10,16,2,5,62.5,7
T Natarajan,Sunrisers Hyderabad,2,3,5,0,3,60,3
T Shamsi,Rajasthan Royals,1,2,4,0,2,50,2
T Stubbs,Delhi Capitals,13,378,204,6,63,185.2941176,71
T Stubbs,Mumbai Indians,4,27,35,3,9,77.14285714,71
T Taibu,Kolkata Knight Riders,3,31,26,3,10.33333333,119.2307692,15
T Thushara,Chennai Super Kings,4,12,19,2,6,63.15789474,8
TA Boult,Delhi Capitals,2,7,4,1,7,175,17
TA Boult,Delhi Daredevils,1,0,2,1,0,0,17
TA Boult,Kolkata Knight Riders,1,5,8,0,5,62.5,17
TA Boult,Mumbai Indians,3,1,5,1,1,20,17
TA Boult,Rajasthan Royals,15,70,63,4,17.5,111.1111111,17
TD Paine,Pune Warriors,2,10,29,2,5,34.48275862,8
TG Southee,Kolkata Knight Riders,6,5,17,5,1,29.41176471,36
TG Southee,Mumbai Indians,5,37,23,3,12.33333333,160.8695652,36
TG Southee,Rajasthan Royals,3,17,13,1,17,130.7692308,36
TG Southee,Royal Challengers Bangalore,5,61,55,2,30.5,110.9090909,36
TH David,Mumbai Indians,34,658,414,22,29.90909091,158.9371981,46
TH David,Royal Challengers Bangalore,1,1,3,1,1,33.33333333,46
TK Curran,Delhi Capitals,2,21,17,1,21,123.5294118,54
TK Curran,Kolkata Knight Riders,4,23,28,3,7.666666667,82.14285714,54
TK Curran,Rajasthan Royals,4,83,63,1,83,131.7460317,54
TL Seifert,Delhi Capitals,2,24,21,2,12,114.2857143,21
TL Seifert,Kolkata Knight Riders,1,2,5,1,2,40,21
TL Suman,Deccan Chargers,26,544,457,17,32,119.0371991,78
TL Suman,Mumbai Indians,8,80,72,8,10,111.1111111,78
TL Suman,Pune Warriors,5,52,58,5,10.4,89.65517241,78
TM Dilshan,Delhi Daredevils,26,566,491,20,28.3,115.2749491,76
TM Dilshan,Royal Challengers Bangalore,24,587,556,21,27.95238095,105.5755396,76
TM Head,Royal Challengers Bangalore,10,205,151,6,34.16666667,135.7615894,102
TM Head,Sunrisers Hyderabad,15,567,307,14,40.5,184.6905537,102
TM Srivastava,Kings XI Punjab,3,8,11,1,8,72.72727273,7
TR Birt,Delhi Daredevils,5,75,59,5,15,127.1186441,27
TS Mills,Mumbai Indians,2,0,3,1,0,0,6
TS Mills,Royal Challengers Bangalore,3,8,11,3,2.666666667,72.72727273,6
TU Deshpande,Chennai Super Kings,2,0,3,0,0,0,20
TU Deshpande,Delhi Capitals,2,21,12,1,21,175,20
Tanush Kotian,Rajasthan Royals,1,24,32,1,24,75,24
Tilak Varma,Mumbai Indians,38,1156,830,28,41.28571429,139.2771084,84
U Kaul,Kings XI Punjab,1,0,1,0,0,0,0
UA Birla,Pune Warriors,1,7,15,1,7,46.66666667,7
UBT Chand,Delhi Daredevils,13,196,210,13,15.07692308,93.33333333,58
UBT Chand,Mumbai Indians,6,102,94,6,17,108.5106383,58
UBT Chand,Rajasthan Royals,1,2,10,1,2,20,58
UT Khawaja,Rising Pune Supergiants,6,127,105,5,25.4,120.952381,30
UT Yadav,Delhi Daredevils,13,44,56,4,11,78.57142857,24
UT Yadav,Gujarat Titans,2,12,15,1,12,80,24
UT Yadav,Kolkata Knight Riders,22,124,100,10,12.4,124,24
UT Yadav,Royal Challengers Bangalore,11,28,40,6,4.666666667,70,24
Umar Gul,Kolkata Knight Riders,4,39,19,3,13,205.2631579,24
Umran Malik,Sunrisers Hyderabad,5,23,16,1,23,143.75,19
V Kohli,Royal Challengers Bangalore,229,7273,5739,205,35.47804878,126.7293954,113
V Kohli,Royal Challengers Bengaluru,15,741,497,13,57,149.0945674,113
V Pratap Singh,Deccan Chargers,1,0,1,1,0,0,0
V Sehwag,Delhi Daredevils,79,2174,1410,73,29.78082192,154.1843972,122
V Sehwag,Kings XI Punjab,25,554,423,25,22.16,130.9692671,122
V Shankar,Delhi Daredevils,9,212,156,4,53,135.8974359,63
V Shankar,Gujarat Titans,21,403,310,17,23.70588235,130,63
V Shankar,Sunrisers Hyderabad,28,500,424,22,22.72727273,117.9245283,63
V Viyaskanth,Sunrisers Hyderabad,1,7,5,0,7,140,7
VG Arora,Kolkata Knight Riders,3,4,3,0,4,133.3333333,2
VG Arora,Punjab Kings,4,5,14,2,2.5,35.71428571,2
VH Zol,Royal Challengers Bangalore,2,29,26,2,14.5,111.5384615,16
VR Aaron,Delhi Daredevils,3,1,8,1,1,12.5,17
VR Aaron,Kings XI Punjab,2,4,11,1,4,36.36363636,17
VR Aaron,Rajasthan Royals,3,4,17,1,4,23.52941176,17
VR Aaron,Royal Challengers Bangalore,4,41,37,1,41,110.8108108,17
VR Iyer,Kolkata Knight Riders,49,1326,1000,43,30.8372093,132.6,104
VRV Singh,Kings XI Punjab,2,4,3,1,4,133.3333333,4
VS Malik,Kings XI Punjab,1,6,5,1,6,120,6
VS Malik,Rajasthan Royals,1,1,2,0,1,50,6
VS Yeligati,Mumbai Indians,1,2,2,1,2,100,2
VVS Laxman,Deccan Chargers,17,238,229,14,17,103.930131,52
VVS Laxman,Kochi Tuskers Kerala,3,44,42,2,22,104.7619048,52
VY Mahesh,Delhi Daredevils,5,15,28,2,7.5,53.57142857,6
Vijaykumar Vyshak,Royal Challengers Bangalore,2,13,10,1,13,130,13
Vijaykumar Vyshak,Royal Challengers Bengaluru,2,1,3,1,1,33.33333333,13
Virat Singh,Sunrisers Hyderabad,2,15,26,3,5,57.69230769,11
Vishnu Vinod,Mumbai Indians,3,37,32,3,12.33333333,115.625,30
Vishnu Vinod,Royal Challengers Bangalore,3,19,26,3,6.333333333,73.07692308,30
Vivrant Sharma,Sunrisers Hyderabad,1,69,49,1,69,140.8163265,69
W Jaffer,Royal Challengers Bangalore,8,130,129,7,18.57142857,100.7751938,50
WA Mota,Kings XI Punjab,8,56,76,5,11.2,73.68421053,25
WD Parnell,Delhi Daredevils,1,2,2,1,2,100,16
WD Parnell,Pune Warriors,11,61,78,8,7.625,78.20512821,16
WD Parnell,Royal Challengers Bangalore,1,2,6,1,2,33.33333333,16
WG Jacks,Royal Challengers Bengaluru,8,230,133,6,38.33333333,172.9323308,100
WP Saha,Chennai Super Kings,6,144,138,5,28.8,104.3478261,115
WP Saha,Gujarat Titans,37,824,683,34,24.23529412,120.6442167,115
WP Saha,Kings XI Punjab,49,1115,868,46,24.23913043,128.4562212,115
WP Saha,Kolkata Knight Riders,23,298,213,12,24.83333333,139.9061033,115
WP Saha,Sunrisers Hyderabad,28,553,466,24,23.04166667,118.6695279,115
WPUJC Vaas,Deccan Chargers,11,81,73,7,11.57142857,110.9589041,20
Washington Sundar,Rising Pune Supergiant,5,9,12,0,9,75,40
Washington Sundar,Royal Challengers Bangalore,20,208,190,16,13,109.4736842,40
Washington Sundar,Sunrisers Hyderabad,13,161,139,11,14.63636364,115.8273381,40
X Thalaivan Sargunam,Sunrisers Hyderabad,1,10,17,1,10,58.82352941,10
Y Gnaneswara Rao,Kochi Tuskers Kerala,1,19,18,1,19,105.5555556,19
Y Nagar,Delhi Daredevils,20,285,271,15,19,105.1660517,44
Y Prithvi Raj,Kolkata Knight Riders,1,0,1,0,0,0,0
Y Venugopal Rao,Deccan Chargers,26,446,379,22,20.27272727,117.6781003,71
Y Venugopal Rao,Delhi Daredevils,21,468,421,17,27.52941176,111.1638955,71
Y Venugopal Rao,Sunrisers Hyderabad,5,71,65,3,23.66666667,109.2307692,71
YA Abdulla,Kings XI Punjab,1,0,1,0,0,0,0
YBK Jaiswal,Rajasthan Royals,52,1607,1095,49,32.79591837,146.7579909,124
YK Pathan,Kolkata Knight Riders,91,1893,1421,64,29.578125,133.216045,100
YK Pathan,Rajasthan Royals,42,1029,655,35,29.4,157.0992366,100
YK Pathan,Sunrisers Hyderabad,20,300,258,12,25,116.2790698,100
YS Chahal,Rajasthan Royals,1,5,8,1,5,62.5,8
YS Chahal,Royal Challengers Bangalore,16,32,81,5,6.4,39.50617284,8
YV Dhull,Delhi Capitals,3,16,23,3,5.333333333,69.56521739,13
YV Takawale,Mumbai Indians,5,88,91,3,29.33333333,96.7032967,45
YV Takawale,Royal Challengers Bangalore,5,104,92,5,20.8,113.0434783,45
Yash Dayal,Gujarat Titans,1,0,1,1,0,0,0
Yashpal Singh,Kolkata Knight Riders,4,47,67,4,11.75,70.14925373,20
Younis Khan,Rajasthan Royals,1,3,7,1,3,42.85714286,3
Yudhvir Singh,Lucknow Super Giants,4,22,16,4,5.5,137.5,14
Yuvraj Singh,Delhi Daredevils,13,248,215,13,19.07692308,115.3488372,83
Yuvraj Singh,Kings XI Punjab,48,963,788,41,23.48780488,122.2081218,83
Yuvraj Singh,Mumbai Indians,4,98,83,4,24.5,118.0722892,83
Yuvraj Singh,Pune Warriors,26,581,462,21,27.66666667,125.7575758,83
Yuvraj Singh,Royal Challengers Bangalore,14,376,288,10,37.6,130.5555556,83
Yuvraj Singh,Sunrisers Hyderabad,21,488,371,20,24.4,131.5363881,83
Z Khan,Delhi Daredevils,5,10,26,3,3.333333333,38.46153846,23
Z Khan,Mumbai Indians,9,40,31,4,10,129.0322581,23
Z Khan,Royal Challengers Bangalore,13,67,84,8,8.375,79.76190476,23
