player_name,team,matches_bowled,balls_bowled,runs_conceded,wickets,economy,best_figures
A Ashish Reddy,Deccan Chargers,9,169,238,11,8.885496183,Mar-25
A Ashish Reddy,Sunrisers Hyderabad,11,101,162,8,8.885496183,Mar-25
A Badoni,Lucknow Super Giants,5,25,37,2,8.88,01-Jun
A Chandila,Rajasthan Royals,12,234,245,11,6.282051282,Apr-13
A Choudhary,Royal Challengers Bangalore,5,108,144,5,8.138613861,Feb-17
A Dananjaya,Mumbai Indians,1,25,47,0,11.5,0/47
A Flintoff,Chennai Super Kings,3,66,106,2,9.636363636,01-Nov
A Kamboj,Mumbai Indians,3,68,115,2,10.3,Jan-24
A Kumble,Royal Challengers Bangalore,42,983,1089,49,6.528497409,05-Jun
A Mishra,Deccan Chargers,28,613,750,32,7.281518837,May-17
A Mishra,Delhi Capitals,18,388,452,20,7.281518837,May-17
A Mishra,Delhi Daredevils,81,1710,2083,91,7.281518837,May-17
A Mishra,Lucknow Super Giants,8,127,171,8,7.281518837,May-17
A Mishra,Sunrisers Hyderabad,27,606,737,32,7.281518837,May-17
A Mithun,Royal Challengers Bangalore,16,312,477,8,9.166666667,Feb-21
A Nehra,Chennai Super Kings,20,478,596,33,7.694968553,May-29
A Nehra,Delhi Daredevils,27,632,775,41,7.694968553,May-29
A Nehra,Mumbai Indians,14,280,357,14,7.694968553,May-29
A Nehra,Pune Warriors,13,291,411,12,7.694968553,May-29
A Nehra,Sunrisers Hyderabad,14,293,398,21,7.694968553,May-29
A Nel,Mumbai Indians,1,18,31,1,10.33333333,Jan-31
A Nortje,Delhi Capitals,46,1097,1614,62,8.783681214,Apr-34
A Singh,Rajasthan Royals,23,486,639,31,7.877378436,Apr-19
A Symonds,Deccan Chargers,27,516,653,22,7.696394687,Mar-22
A Symonds,Mumbai Indians,3,24,41,1,7.696394687,Mar-22
A Uniyal,Rajasthan Royals,2,38,67,3,10.83333333,Mar-41
A Zampa,Rajasthan Royals,6,133,189,9,7.890214797,Jun-19
A Zampa,Rising Pune Supergiant,6,122,164,7,7.890214797,Jun-19
A Zampa,Rising Pune Supergiants,5,103,117,12,7.890214797,Jun-19
A Zampa,Royal Challengers Bangalore,3,67,92,2,7.890214797,Jun-19
AA Chavan,Rajasthan Royals,13,255,339,8,8.008064516,Feb-24
AA Jhunjhunwala,Deccan Chargers,3,36,39,1,8.964705882,Jan-14
AA Jhunjhunwala,Pune Warriors,2,13,22,0,8.964705882,Jan-14
AA Jhunjhunwala,Rajasthan Royals,5,39,69,0,8.964705882,Jan-14
AA Kazi,Royal Challengers Bangalore,1,13,21,1,10,Jan-21
AA Noffke,Royal Challengers Bangalore,1,25,41,1,9,Jan-41
AB Agarkar,Delhi Daredevils,15,317,463,13,8.662404092,Mar-16
AB Agarkar,Kolkata Knight Riders,27,503,711,20,8.662404092,Mar-16
AB Dinda,Delhi Daredevils,5,107,159,5,7.87994723,Apr-18
AB Dinda,Kolkata Knight Riders,27,539,616,29,7.87994723,Apr-18
AB Dinda,Pune Warriors,20,458,637,28,7.87994723,Apr-18
AB Dinda,Rising Pune Supergiant,3,65,121,2,7.87994723,Apr-18
AB Dinda,Rising Pune Supergiants,9,192,236,13,7.87994723,Apr-18
AB Dinda,Royal Challengers Bangalore,11,228,334,5,7.87994723,Apr-18
AB McDonald,Delhi Daredevils,6,115,183,8,8.419354839,Apr-42
AB McDonald,Royal Challengers Bangalore,4,73,80,6,8.419354839,Apr-42
AC Gilchrist,Kings XI Punjab,1,1,0,1,0,1/0
AC Thomas,Pune Warriors,15,327,416,16,7.657142857,Mar-22
AC Voges,Rajasthan Royals,7,56,76,1,8.222222222,01-Sep
AD Mascarenhas,Kings XI Punjab,5,121,135,7,7.051948052,May-29
AD Mascarenhas,Rajasthan Royals,8,189,230,12,7.051948052,May-29
AD Mathews,Delhi Daredevils,12,216,306,7,8.11630847,Apr-20
AD Mathews,Kolkata Knight Riders,13,245,349,8,8.11630847,Apr-20
AD Mathews,Pune Warriors,19,346,440,13,8.11630847,Apr-20
AD Russell,Delhi Daredevils,7,142,230,1,9.160872127,Jun-25
AD Russell,Kolkata Knight Riders,105,1629,2461,124,9.160872127,Jun-25
AF Milne,Chennai Super Kings,1,15,19,0,9.420289855,Mar-22
AF Milne,Mumbai Indians,4,87,135,4,9.420289855,Mar-22
AF Milne,Royal Challengers Bangalore,5,115,185,5,9.420289855,Mar-22
AG Murtaza,Mumbai Indians,8,195,215,9,7.113636364,Mar-16
AG Murtaza,Pune Warriors,4,74,107,3,7.113636364,Mar-16
AJ Finch,Delhi Daredevils,1,13,13,0,9.209302326,01-Nov
AJ Finch,Pune Warriors,3,24,49,1,9.209302326,01-Nov
AJ Finch,Rajasthan Royals,1,7,5,0,9.209302326,01-Nov
AJ Hosein,Sunrisers Hyderabad,1,24,41,1,10.25,Jan-41
AJ Tye,Gujarat Lions,6,128,146,12,8.540145985,May-18
AJ Tye,Kings XI Punjab,20,490,692,31,8.540145985,May-18
AJ Tye,Lucknow Super Giants,3,69,113,3,8.540145985,May-18
AJ Tye,Rajasthan Royals,1,27,54,2,8.540145985,May-18
AK Markram,Punjab Kings,2,25,23,0,8.479338843,01-Aug
AK Markram,Sunrisers Hyderabad,12,98,150,2,8.479338843,01-Aug
AL Menaria,Rajasthan Royals,12,113,144,3,7.636363636,Feb-20
AM Nayar,Kings XI Punjab,7,69,111,2,8.174672489,Mar-13
AM Nayar,Mumbai Indians,9,120,153,5,8.174672489,Mar-13
AM Nayar,Pune Warriors,3,50,59,2,8.174672489,Mar-13
AM Rahane,Mumbai Indians,1,6,5,1,5,01-May
AM Salvi,Delhi Daredevils,7,156,205,7,7.8,Feb-22
AN Ahmed,Mumbai Indians,10,197,266,10,8.162790698,Mar-32
AN Ahmed,Royal Challengers Bangalore,7,165,249,5,8.162790698,Mar-32
AP Dole,Rajasthan Royals,3,73,114,5,9.727272727,Feb-36
AR Patel,Delhi Capitals,81,1714,2019,67,7.279227053,Apr-21
AR Patel,Kings XI Punjab,67,1438,1805,64,7.279227053,Apr-21
AS Joseph,Gujarat Titans,16,335,495,15,9.456221198,Jun-14
AS Joseph,Mumbai Indians,3,55,89,6,9.456221198,Jun-14
AS Joseph,Royal Challengers Bengaluru,3,64,123,1,9.456221198,Jun-14
AS Rajpoot,Chennai Super Kings,2,25,37,1,8.966037736,May-15
AS Rajpoot,Kings XI Punjab,12,268,387,14,8.966037736,May-15
AS Rajpoot,Kolkata Knight Riders,9,159,214,7,8.966037736,May-15
AS Rajpoot,Rajasthan Royals,6,115,206,2,8.966037736,May-15
AS Raut,Rajasthan Royals,5,30,45,0,9,0/6
AS Roy,Kolkata Knight Riders,8,127,180,5,8.161764706,Feb-19
AS Roy,Mumbai Indians,1,15,11,1,8.161764706,Feb-19
AU Rashid,Punjab Kings,1,18,35,0,9.1,Feb-23
AU Rashid,Sunrisers Hyderabad,2,42,56,2,9.1,Feb-23
AUK Pathan,Royal Challengers Bangalore,3,41,63,0,8.769230769,0/14
Abdul Samad,Sunrisers Hyderabad,5,55,113,2,12,01-Sep
Abdur Razzak,Royal Challengers Bangalore,1,14,29,0,9.5,0/29
Abhishek Sharma,Sunrisers Hyderabad,26,278,396,11,8.577777778,02-May
Akash Deep,Royal Challengers Bangalore,7,152,269,7,11.19512195,Mar-45
Akash Deep,Royal Challengers Bengaluru,1,23,55,1,11.19512195,Mar-45
Akash Madhwal,Mumbai Indians,13,279,431,22,9.022900763,06-Jun
Akash Singh,Chennai Super Kings,6,117,188,5,9.739130435,Feb-40
Akash Singh,Rajasthan Royals,1,24,39,0,9.739130435,Feb-40
Aman Hakim Khan,Kolkata Knight Riders,1,6,13,0,13,0/13
Anand Rajan,Deccan Chargers,6,111,163,8,7.771812081,Apr-27
Anand Rajan,Sunrisers Hyderabad,2,51,43,2,7.771812081,Apr-27
Ankit Sharma,Deccan Chargers,9,147,167,4,7.177111717,Feb-21
Ankit Sharma,Rajasthan Royals,7,140,169,7,7.177111717,Feb-21
Ankit Sharma,Rising Pune Supergiant,1,6,16,0,7.177111717,Feb-21
Ankit Sharma,Rising Pune Supergiants,3,70,84,1,7.177111717,Feb-21
Ankit Sharma,Sunrisers Hyderabad,1,12,17,0,7.177111717,Feb-21
Ankit Soni,Gujarat Lions,6,112,145,4,7.816513761,Feb-16
Anureet Singh,Kings XI Punjab,17,372,547,17,8.825242718,Mar-23
Anureet Singh,Kolkata Knight Riders,2,34,47,2,8.825242718,Mar-23
Anureet Singh,Rajasthan Royals,3,24,42,2,8.825242718,Mar-23
Arjun Tendulkar,Mumbai Indians,5,83,117,4,8.465753425,Feb-20
Arshad Khan,Lucknow Super Giants,3,56,90,1,11.64179104,Mar-40
Arshad Khan,Mumbai Indians,6,97,192,5,11.64179104,Mar-40
Arshad Khan (2),Lucknow Super Giants,1,13,25,0,11.5,0/25
Arshdeep Singh,Kings XI Punjab,11,223,336,14,8.771260997,May-33
Arshdeep Singh,Punjab Kings,54,1230,1761,70,8.771260997,May-33
Atharva Taide,Punjab Kings,1,1,4,0,24,0/4
Avesh Khan,Delhi Capitals,18,427,538,27,8.678651685,Apr-24
Avesh Khan,Delhi Daredevils,6,117,205,4,8.678651685,Apr-24
Avesh Khan,Lucknow Super Giants,22,476,710,27,8.678651685,Apr-24
Avesh Khan,Rajasthan Royals,15,346,533,22,8.678651685,Apr-24
Avesh Khan,Royal Challengers Bangalore,1,24,24,1,8.678651685,Apr-24
Azhar Mahmood,Kings XI Punjab,22,532,666,30,7.597765363,Mar-20
Azhar Mahmood,Kolkata Knight Riders,1,20,41,1,7.597765363,Mar-20
Azmatullah Omarzai,Gujarat Titans,7,131,194,4,9,Feb-27
B Akhil,Kochi Tuskers Kerala,1,13,22,0,7.627659574,Feb-18
B Akhil,Royal Challengers Bangalore,12,180,224,7,7.627659574,Feb-18
B Chipli,Deccan Chargers,1,6,20,0,20,0/20
B Geeves,Delhi Daredevils,2,49,91,2,11.25,Jan-41
B Kumar,Pune Warriors,31,666,742,25,7.445524297,Jun-31
B Kumar,Sunrisers Hyderabad,145,3394,4309,170,7.445524297,Jun-31
B Laughlin,Chennai Super Kings,2,45,72,1,9.714285714,Feb-15
B Laughlin,Rajasthan Royals,7,134,212,9,9.714285714,Feb-15
B Lee,Kings XI Punjab,13,323,385,11,7.268571429,Mar-16
B Lee,Kolkata Knight Riders,25,593,741,19,7.268571429,Mar-16
B Stanlake,Royal Challengers Bangalore,2,50,70,2,8.083333333,Feb-21
B Stanlake,Sunrisers Hyderabad,4,100,130,5,8.083333333,Feb-21
BA Bhatt,Kings XI Punjab,15,303,408,13,8.087837838,Apr-22
BA Stokes,Chennai Super Kings,1,6,18,0,8.568940493,Mar-16
BA Stokes,Rajasthan Royals,25,443,678,17,8.568940493,Mar-16
BA Stokes,Rising Pune Supergiant,12,274,327,14,8.568940493,Mar-16
BAW Mendis,Kolkata Knight Riders,7,176,228,7,7.327868852,Feb-23
BAW Mendis,Pune Warriors,3,72,78,2,7.327868852,Feb-23
BB Sran,Kings XI Punjab,6,146,231,6,8.99378882,Mar-29
BB Sran,Mumbai Indians,2,25,51,0,8.99378882,Mar-29
BB Sran,Rajasthan Royals,1,20,36,0,8.99378882,Mar-29
BB Sran,Sunrisers Hyderabad,15,325,449,14,8.99378882,Mar-29
BCJ Cutting,Mumbai Indians,8,117,196,3,9.03202847,Feb-20
BCJ Cutting,Rajasthan Royals,1,24,31,2,9.03202847,Feb-20
BCJ Cutting,Sunrisers Hyderabad,8,147,203,7,9.03202847,Feb-20
BE Hendricks,Kings XI Punjab,7,157,239,11,9.08,Mar-37
BJ Hodge,Kochi Tuskers Kerala,4,67,77,8,7.717948718,May-13
BJ Hodge,Kolkata Knight Riders,13,153,208,9,7.717948718,May-13
BJ Hodge,Rajasthan Royals,3,18,25,1,7.717948718,May-13
BJ Rohrer,Delhi Daredevils,1,7,12,0,11,0/12
BMAJ Mendis,Delhi Daredevils,2,30,36,1,7.2,Jan-16
BW Hilfenhaus,Chennai Super Kings,17,390,497,23,7.677419355,Mar-27
Basil Thampi,Gujarat Lions,12,278,428,15,9.719769674,Apr-29
Basil Thampi,Mumbai Indians,5,102,158,5,9.719769674,Apr-29
Basil Thampi,Sunrisers Hyderabad,8,159,276,6,9.719769674,Apr-29
Bipul Sharma,Kings XI Punjab,12,210,277,10,7.971830986,Feb-13
Bipul Sharma,Sunrisers Hyderabad,16,226,304,12,7.971830986,Feb-13
C Ganapathy,Chennai Super Kings,1,6,13,0,13,0/13
C Green,Mumbai Indians,16,239,370,8,8.815489749,02-Dec
C Green,Royal Challengers Bengaluru,13,223,305,12,8.815489749,02-Dec
C Munro,Kolkata Knight Riders,2,12,15,0,7.5,0/7
C Nanda,Mumbai Indians,3,50,58,2,7,01-Apr
C Sakariya,Delhi Capitals,5,126,176,6,7.957746479,Mar-31
C Sakariya,Rajasthan Royals,14,334,434,14,7.957746479,Mar-31
C de Grandhomme,Kolkata Knight Riders,9,102,136,4,8.305555556,03-Apr
C de Grandhomme,Royal Challengers Bangalore,10,128,187,3,8.305555556,03-Apr
CH Gayle,Kings XI Punjab,1,5,5,0,7.624548736,Mar-21
CH Gayle,Kolkata Knight Riders,13,221,299,5,7.624548736,Mar-21
CH Gayle,Royal Challengers Bangalore,24,358,451,14,7.624548736,Mar-21
CH Morris,Chennai Super Kings,16,309,410,17,7.918887601,May-23
CH Morris,Delhi Capitals,9,206,314,13,7.918887601,May-23
CH Morris,Delhi Daredevils,25,550,709,33,7.918887601,May-23
CH Morris,Rajasthan Royals,22,532,732,32,7.918887601,May-23
CH Morris,Royal Challengers Bangalore,9,204,212,12,7.918887601,May-23
CJ Anderson,Delhi Daredevils,8,121,187,4,10.18181818,Mar-47
CJ Anderson,Mumbai Indians,11,138,221,5,10.18181818,Mar-47
CJ Anderson,Royal Challengers Bangalore,3,56,117,5,10.18181818,Mar-47
CJ Dala,Delhi Daredevils,1,19,34,0,11,0/34
CJ Green,Kolkata Knight Riders,1,17,24,0,8.470588235,0/24
CJ Jordan,Chennai Super Kings,4,80,136,3,9.400593472,04-Dec
CJ Jordan,Kings XI Punjab,9,210,320,12,9.400593472,04-Dec
CJ Jordan,Mumbai Indians,6,140,241,3,9.400593472,04-Dec
CJ Jordan,Punjab Kings,4,74,103,4,9.400593472,04-Dec
CJ Jordan,Royal Challengers Bangalore,9,181,266,13,9.400593472,04-Dec
CJ Jordan,Sunrisers Hyderabad,2,32,45,1,9.400593472,04-Dec
CJ McKay,Mumbai Indians,2,42,60,1,8.571428571,Jan-36
CK Kapugedera,Chennai Super Kings,3,17,49,0,17.29411765,0/8
CK Langeveldt,Kolkata Knight Riders,4,95,107,8,7.307692308,Mar-15
CK Langeveldt,Royal Challengers Bangalore,3,70,92,5,7.307692308,Mar-15
CL White,Deccan Chargers,2,20,27,0,11.57142857,Jan-14
CL White,Royal Challengers Bangalore,2,14,43,0,11.57142857,Jan-14
CL White,Sunrisers Hyderabad,2,12,16,1,11.57142857,Jan-14
CR Brathwaite,Delhi Daredevils,10,181,259,10,8.645669291,Mar-27
CR Brathwaite,Kolkata Knight Riders,2,21,29,0,8.645669291,Mar-27
CR Brathwaite,Sunrisers Hyderabad,4,64,96,6,8.645669291,Mar-27
CR Woakes,Delhi Capitals,3,67,85,5,8.863636364,03-Jun
CR Woakes,Kolkata Knight Riders,13,278,393,18,8.863636364,03-Jun
CR Woakes,Royal Challengers Bangalore,5,118,196,8,8.863636364,03-Jun
CRD Fernando,Mumbai Indians,10,249,306,19,7.282051282,May-18
CV Varun,Kings XI Punjab,1,18,35,1,7.547169811,May-20
CV Varun,Kolkata Knight Riders,69,1606,2007,84,7.547169811,May-20
D Brevis,Mumbai Indians,1,3,8,1,16,01-Aug
D Jansen,Mumbai Indians,1,28,53,1,12.25,Jan-53
D Kalyankrishna,Deccan Chargers,3,50,88,2,10.75,Jan-30
D Pretorius,Chennai Super Kings,7,166,242,7,9.04,Feb-31
D Salunkhe,Rajasthan Royals,5,51,80,1,9.063829787,Jan-22
D Wiese,Kolkata Knight Riders,1,18,38,0,8.797297297,Apr-36
D Wiese,Royal Challengers Bangalore,14,289,409,17,8.797297297,Apr-36
D du Preez,Royal Challengers Bangalore,2,43,56,4,7.571428571,Mar-32
DA Warner,Sunrisers Hyderabad,1,2,2,0,6,0/2
DAJ Bracewell,Delhi Daredevils,1,25,32,3,7.75,Mar-32
DB Ravi Teja,Deccan Chargers,2,18,28,1,9.333333333,Jan-19
DE Bollinger,Chennai Super Kings,27,600,716,43,7.125,Apr-14
DG Nalkande,Gujarat Titans,6,89,150,6,10.35714286,Feb-21
DJ Bravo,Chennai Super Kings,113,2394,3199,158,8.146153846,Apr-22
DJ Bravo,Gujarat Lions,15,348,502,19,8.146153846,Apr-22
DJ Bravo,Mumbai Indians,30,554,735,30,8.146153846,Apr-22
DJ Harris,Deccan Chargers,2,18,26,0,8.666666667,0/11
DJ Hooda,Kings XI Punjab,1,6,10,0,8.396782842,Feb-16
DJ Hooda,Lucknow Super Giants,5,49,73,1,8.396782842,Feb-16
DJ Hooda,Punjab Kings,7,96,136,2,8.396782842,Feb-16
DJ Hooda,Rajasthan Royals,7,97,131,1,8.396782842,Feb-16
DJ Hooda,Sunrisers Hyderabad,13,136,185,6,8.396782842,Feb-16
DJ Hussey,Chennai Super Kings,1,18,38,2,9.047318612,02-Feb
DJ Hussey,Kings XI Punjab,12,141,198,4,9.047318612,02-Feb
DJ Hussey,Kolkata Knight Riders,13,164,249,4,9.047318612,02-Feb
DJ Mitchell,Chennai Super Kings,2,38,70,1,11.75,Jan-18
DJ Mitchell,Rajasthan Royals,2,13,27,0,11.75,Jan-18
DJ Muthuswami,Delhi Daredevils,6,84,108,4,7.714285714,Feb-18
DJ Thornely,Mumbai Indians,4,44,40,3,5.428571429,02-Jul
DJ Willey,Chennai Super Kings,3,61,96,2,7.555555556,Feb-16
DJ Willey,Royal Challengers Bangalore,8,160,181,5,7.555555556,Feb-16
DJG Sammy,Royal Challengers Bangalore,2,18,26,0,8.720338983,Jun-23
DJG Sammy,Sunrisers Hyderabad,17,226,328,14,8.720338983,Jun-23
DJM Short,Rajasthan Royals,2,18,23,1,7.666666667,01-Oct
DL Chahar,Chennai Super Kings,76,1669,2126,78,7.761533853,May-13
DL Chahar,Rising Pune Supergiant,3,44,75,1,7.761533853,May-13
DL Chahar,Rising Pune Supergiants,2,33,42,0,7.761533853,May-13
DL Vettori,Delhi Daredevils,12,261,338,15,6.841698842,May-15
DL Vettori,Royal Challengers Bangalore,22,524,556,19,6.841698842,May-15
DNT Zoysa,Deccan Chargers,3,69,100,2,8.545454545,Jan-30
DP Nannes,Chennai Super Kings,5,126,165,5,7.077399381,Apr-27
DP Nannes,Delhi Daredevils,22,538,619,31,7.077399381,Apr-27
DP Nannes,Royal Challengers Bangalore,2,25,31,2,7.077399381,Apr-27
DP Vijaykumar,Deccan Chargers,9,159,205,4,7.736842105,Jan-18
DR Sams,Delhi Capitals,3,77,114,0,8.2,Apr-30
DR Sams,Mumbai Indians,11,274,375,14,8.2,Apr-30
DR Sams,Royal Challengers Bangalore,2,38,39,1,8.2,Apr-30
DR Smith,Chennai Super Kings,6,74,116,5,8.860853432,04-Aug
DR Smith,Deccan Chargers,10,108,164,2,8.860853432,04-Aug
DR Smith,Gujarat Lions,17,195,305,10,8.860853432,04-Aug
DR Smith,Mumbai Indians,13,180,240,10,8.860853432,04-Aug
DS Kulkarni,Gujarat Lions,20,415,538,23,8.03469502,Apr-15
DS Kulkarni,Mumbai Indians,35,722,934,39,8.03469502,Apr-15
DS Kulkarni,Rajasthan Royals,37,739,1041,29,8.03469502,Apr-15
DT Christian,Deccan Chargers,21,460,597,20,7.977349943,02-Oct
DT Christian,Delhi Daredevils,4,71,106,4,7.977349943,02-Oct
DT Christian,Rising Pune Supergiant,13,249,303,12,7.977349943,02-Oct
DT Christian,Royal Challengers Bangalore,11,142,212,4,7.977349943,02-Oct
DW Steyn,Deccan Chargers,24,575,594,32,6.745187901,03-Aug
DW Steyn,Gujarat Lions,1,13,17,0,6.745187901,03-Aug
DW Steyn,Royal Challengers Bangalore,33,811,950,38,6.745187901,03-Aug
DW Steyn,Sunrisers Hyderabad,37,883,1022,35,6.745187901,03-Aug
F du Plessis,Chennai Super Kings,1,6,16,0,16,0/16
FA Allen,Mumbai Indians,1,24,46,1,9,Jan-22
FA Allen,Punjab Kings,3,67,90,1,9,Jan-22
FH Edwards,Deccan Chargers,6,150,160,6,6.257142857,Feb-19
FY Fazal,Rajasthan Royals,2,12,20,1,10,01-Jun
Fazalhaq Farooqi,Sunrisers Hyderabad,7,162,229,6,8.644736842,Feb-32
G Coetzee,Mumbai Indians,10,216,357,13,9.970149254,Apr-35
GB Hogg,Kolkata Knight Riders,11,225,292,15,7.375545852,Apr-30
GB Hogg,Rajasthan Royals,10,241,293,10,7.375545852,Apr-30
GC Viljoen,Kings XI Punjab,6,146,229,8,9.434782609,Mar-39
GD McGrath,Delhi Daredevils,14,329,366,14,6.666666667,Apr-29
GD Phillips,Rajasthan Royals,2,13,20,1,7.8,01-Oct
GD Phillips,Sunrisers Hyderabad,2,18,20,1,7.8,01-Oct
GH Vihari,Delhi Capitals,1,6,9,0,6.714285714,01-May
GH Vihari,Sunrisers Hyderabad,5,37,39,1,6.714285714,01-May
GHS Garton,Royal Challengers Bangalore,5,97,136,3,8.533333333,Jan-27
GJ Maxwell,Delhi Daredevils,12,117,154,7,8.154661017,02-Oct
GJ Maxwell,Kings XI Punjab,36,429,608,13,8.154661017,02-Oct
GJ Maxwell,Mumbai Indians,2,12,24,0,8.154661017,02-Oct
GJ Maxwell,Royal Challengers Bangalore,23,309,396,14,8.154661017,02-Oct
GJ Maxwell,Royal Challengers Bengaluru,6,98,129,7,8.154661017,02-Oct
GR Napier,Mumbai Indians,1,24,28,1,7,Jan-28
GS Sandhu,Delhi Daredevils,2,48,86,1,10.75,Jan-37
Gagandeep Singh,Kings XI Punjab,4,84,142,3,10.14285714,Jan-34
Gulbadin Naib,Delhi Capitals,1,6,12,0,12,0/12
Gurkeerat Singh,Kings XI Punjab,6,82,97,5,7.153846154,Feb-15
Gurnoor Brar,Punjab Kings,1,21,42,0,12.66666667,0/42
H Sharma,Royal Challengers Bangalore,1,18,33,0,12.4,0/29
H Sharma,Royal Challengers Bengaluru,1,12,29,0,12.4,0/29
HF Gurney,Kolkata Knight Riders,8,169,239,7,8.555555556,Feb-25
HH Pandya,Gujarat Titans,21,345,467,12,8.978843441,Mar-16
HH Pandya,Mumbai Indians,72,1140,1729,58,8.978843441,Mar-16
HR Shokeen,Mumbai Indians,13,213,320,5,8.970588235,Feb-34
HV Patel,Delhi Capitals,7,150,212,6,8.433857539,Jun-27
HV Patel,Delhi Daredevils,5,109,169,7,8.433857539,Jun-27
HV Patel,Punjab Kings,14,317,485,30,8.433857539,Jun-27
HV Patel,Royal Challengers Bangalore,77,1708,2349,108,8.433857539,Jun-27
Harbhajan Singh,Chennai Super Kings,23,462,585,25,7.018735363,May-18
Harbhajan Singh,Kolkata Knight Riders,3,45,63,0,7.018735363,May-18
Harbhajan Singh,Mumbai Indians,134,2989,3453,136,7.018735363,May-18
Harmeet Singh,Deccan Chargers,17,337,428,17,7.74863388,Mar-25
Harmeet Singh,Kings XI Punjab,10,212,285,13,7.74863388,Mar-25
Harmeet Singh,Rajasthan Royals,1,25,34,1,7.74863388,Mar-25
Harpreet Brar,Kings XI Punjab,3,55,89,0,7.837997054,Apr-30
Harpreet Brar,Punjab Kings,36,637,818,25,7.837997054,Apr-30
Harshit Rana,Kolkata Knight Riders,19,403,590,27,8.805194805,Mar-24
I Malhotra,Deccan Chargers,1,6,23,0,23,0/23
I Sharma,Deccan Chargers,12,275,324,11,7.980077956,May-13
I Sharma,Delhi Capitals,34,716,964,37,7.980077956,May-13
I Sharma,Kings XI Punjab,6,114,190,0,7.980077956,May-13
I Sharma,Kolkata Knight Riders,31,696,893,25,7.980077956,May-13
I Sharma,Rising Pune Supergiants,4,97,151,3,7.980077956,May-13
I Sharma,Sunrisers Hyderabad,23,531,733,20,7.980077956,May-13
I Udana,Royal Challengers Bangalore,10,182,286,8,9.586206897,Feb-41
IC Pandey,Chennai Super Kings,22,444,559,18,7.766233766,Feb-22
IC Pandey,Pune Warriors,2,25,50,1,7.766233766,Feb-22
IC Porel,Punjab Kings,1,26,42,1,10,Jan-42
IK Pathan,Delhi Daredevils,45,969,1221,34,7.720998532,Mar-13
IK Pathan,Gujarat Lions,1,12,26,2,7.720998532,Mar-13
IK Pathan,Kings XI Punjab,42,940,1194,57,7.720998532,Mar-13
IK Pathan,Rising Pune Supergiants,3,48,61,0,7.720998532,Mar-13
IK Pathan,Sunrisers Hyderabad,10,144,209,6,7.720998532,Mar-13
IS Sodhi,Rajasthan Royals,8,182,204,9,6.729281768,Mar-26
Imran Tahir,Chennai Super Kings,27,606,727,36,7.67781155,04-Dec
Imran Tahir,Delhi Daredevils,20,448,632,31,7.67781155,04-Dec
Imran Tahir,Rising Pune Supergiant,12,286,370,19,7.67781155,04-Dec
Iqbal Abdulla,Kolkata Knight Riders,32,621,686,32,7.167391304,Mar-19
Iqbal Abdulla,Rajasthan Royals,1,12,18,0,7.167391304,Mar-19
Iqbal Abdulla,Royal Challengers Bangalore,15,310,421,13,7.167391304,Mar-19
J Botha,Delhi Daredevils,6,102,114,5,6.90778098,03-Jun
J Botha,Kolkata Knight Riders,4,62,82,1,6.90778098,03-Jun
J Botha,Rajasthan Royals,24,545,622,21,6.90778098,03-Jun
J Little,Gujarat Titans,11,236,341,13,8.763157895,Apr-45
J Suchith,Delhi Capitals,1,24,28,2,8.385714286,02-Dec
J Suchith,Mumbai Indians,13,253,369,10,8.385714286,02-Dec
J Suchith,Sunrisers Hyderabad,7,157,207,8,8.385714286,02-Dec
J Syed Mohammad,Royal Challengers Bangalore,11,196,286,10,8.8125,Feb-16
J Theron,Deccan Chargers,2,51,66,3,7.900452489,May-28
J Theron,Kings XI Punjab,7,158,204,9,7.900452489,May-28
J Theron,Rajasthan Royals,1,26,41,1,7.900452489,May-28
J Yadav,Delhi Daredevils,10,183,197,4,6.738461538,Feb-31
J Yadav,Gujarat Titans,1,24,26,0,6.738461538,Feb-31
J Yadav,Mumbai Indians,9,191,224,5,6.738461538,Feb-31
JA Morkel,Chennai Super Kings,75,1598,2103,86,7.998839234,Apr-27
JA Morkel,Delhi Daredevils,4,74,113,3,7.998839234,Apr-27
JA Morkel,Rising Pune Supergiants,2,34,66,3,7.998839234,Apr-27
JA Morkel,Royal Challengers Bangalore,6,101,127,4,7.998839234,Apr-27
JA Richardson,Delhi Capitals,1,25,40,0,10.46666667,Feb-41
JA Richardson,Punjab Kings,3,69,122,3,10.46666667,Feb-41
JC Archer,Mumbai Indians,5,129,202,2,7.330517423,Mar-21
JC Archer,Rajasthan Royals,35,858,1008,47,7.330517423,Mar-21
JD Ryder,Pune Warriors,11,137,193,6,7.830508475,Mar-14
JD Ryder,Royal Challengers Bangalore,5,104,121,5,7.830508475,Mar-14
JD Unadkat,Delhi Daredevils,10,207,308,10,8.866259972,May-25
JD Unadkat,Kolkata Knight Riders,11,210,317,10,8.866259972,May-25
JD Unadkat,Lucknow Super Giants,3,52,92,1,8.866259972,May-25
JD Unadkat,Mumbai Indians,5,123,191,7,8.866259972,May-25
JD Unadkat,Rajasthan Royals,39,824,1287,32,8.866259972,May-25
JD Unadkat,Rising Pune Supergiant,12,279,330,27,8.866259972,May-25
JD Unadkat,Royal Challengers Bangalore,13,299,373,13,8.866259972,May-25
JD Unadkat,Sunrisers Hyderabad,11,200,321,9,8.866259972,May-25
JDP Oram,Chennai Super Kings,11,194,288,12,8.835443038,Mar-32
JDP Oram,Mumbai Indians,1,26,28,0,8.835443038,Mar-32
JDP Oram,Rajasthan Royals,2,24,46,1,8.835443038,Mar-32
JDS Neesham,Delhi Daredevils,4,57,96,1,9.333333333,03-Dec
JDS Neesham,Kings XI Punjab,5,93,149,2,9.333333333,03-Dec
JDS Neesham,Mumbai Indians,3,54,68,5,9.333333333,03-Dec
JDS Neesham,Rajasthan Royals,1,18,29,0,9.333333333,03-Dec
JE Root,Rajasthan Royals,1,12,15,0,7.5,0/15
JE Taylor,Pune Warriors,5,122,167,6,8.307692308,Mar-31
JEC Franklin,Mumbai Indians,15,155,225,9,8.701986755,Feb-18
JH Kallis,Kolkata Knight Riders,48,949,1180,48,7.801377727,Mar-15
JH Kallis,Royal Challengers Bangalore,41,850,1168,26,7.801377727,Mar-15
JJ Bumrah,Mumbai Indians,133,3185,3840,182,7.16097561,05-Oct
JJ van der Wath,Royal Challengers Bangalore,3,76,134,3,10.83333333,Feb-49
JL Pattinson,Mumbai Indians,10,222,321,11,8.788732394,Feb-20
JM Kemp,Chennai Super Kings,5,47,58,3,7.5,Mar-15
JO Holder,Chennai Super Kings,6,125,173,4,8.568844221,Apr-31
JO Holder,Kolkata Knight Riders,4,83,105,3,8.568844221,Apr-31
JO Holder,Lucknow Super Giants,12,266,399,16,8.568844221,Apr-31
JO Holder,Rajasthan Royals,8,176,290,4,8.568844221,Apr-31
JO Holder,Sunrisers Hyderabad,16,399,522,32,8.568844221,Apr-31
JP Behrendorff,Mumbai Indians,17,379,563,22,8.950819672,Apr-23
JP Duminy,Deccan Chargers,14,189,253,5,7.212389381,Apr-19
JP Duminy,Delhi Daredevils,25,354,425,13,7.212389381,Apr-19
JP Duminy,Mumbai Indians,10,158,169,5,7.212389381,Apr-19
JP Faulkner,Gujarat Lions,15,272,447,13,8.680129241,May-18
JP Faulkner,Kings XI Punjab,2,49,74,3,8.680129241,May-18
JP Faulkner,Pune Warriors,1,12,10,1,8.680129241,May-18
JP Faulkner,Rajasthan Royals,42,954,1318,59,8.680129241,May-18
JPR Scantlebury-Searles,Kolkata Knight Riders,3,45,89,2,12.28571429,Jan-24
JR Hazlewood,Chennai Super Kings,12,276,374,12,8.049751244,Apr-25
JR Hazlewood,Royal Challengers Bangalore,15,346,456,24,8.049751244,Apr-25
JR Hopes,Delhi Daredevils,9,198,277,7,9.216666667,02-Mar
JR Hopes,Kings XI Punjab,11,171,285,7,9.216666667,02-Mar
JW Hastings,Chennai Super Kings,1,19,29,1,6.517241379,02-Jun
JW Hastings,Kolkata Knight Riders,2,42,37,2,6.517241379,02-Jun
Jalaj S Saxena,Punjab Kings,1,18,27,0,9,0/27
Jaskaran Singh,Deccan Chargers,7,111,174,6,9.352941176,Feb-20
Joginder Sharma,Chennai Super Kings,15,272,421,13,9,Feb-28
K Goel,Kings XI Punjab,6,67,94,0,8.454545455,0/7
K Gowtham,Kings XI Punjab,2,48,84,1,8.306122449,Feb-16
K Gowtham,Lucknow Super Giants,11,185,249,8,8.306122449,Feb-16
K Gowtham,Rajasthan Royals,22,366,492,13,8.306122449,Feb-16
K Kartikeya,Mumbai Indians,12,241,334,10,8.358974359,Feb-23
K Khejroliya,Kolkata Knight Riders,2,28,64,2,10.46280992,Feb-34
K Khejroliya,Royal Challengers Bangalore,5,101,157,3,10.46280992,Feb-34
K Rabada,Delhi Capitals,44,1058,1411,77,8.348824494,Apr-21
K Rabada,Delhi Daredevils,6,137,198,8,8.348824494,Apr-21
K Rabada,Punjab Kings,30,712,1043,41,8.348824494,Apr-21
K Santokie,Mumbai Indians,2,51,91,3,11,Feb-51
K Upadhyay,Pune Warriors,3,56,81,0,8.777777778,0/19
K Yadav,Rajasthan Royals,3,54,85,2,9.444444444,Jan-18
KA Jamieson,Royal Challengers Bangalore,9,179,271,9,9.071428571,Mar-41
KA Maharaj,Rajasthan Royals,2,36,39,2,6.5,Feb-23
KA Pollard,Mumbai Indians,107,1586,2200,81,8.447580645,Apr-17
KAJ Roach,Deccan Chargers,2,52,80,0,9.5,0/32
KC Cariappa,Kings XI Punjab,9,199,287,7,9.305555556,Feb-16
KC Cariappa,Kolkata Knight Riders,2,25,62,1,9.305555556,Feb-16
KH Pandya,Lucknow Super Giants,36,690,847,26,7.221489161,Apr-19
KH Pandya,Mumbai Indians,81,1493,1797,54,7.221489161,Apr-19
KJ Abbott,Kings XI Punjab,5,102,182,2,10.875,Jan-42
KK Ahmed,Delhi Capitals,33,778,1117,43,8.647335423,Mar-21
KK Ahmed,Sunrisers Hyderabad,24,567,801,35,8.647335423,Mar-21
KK Cooper,Rajasthan Royals,25,600,789,36,7.885416667,Apr-27
KL Nagarkoti,Delhi Capitals,1,13,29,0,9.4,Feb-13
KL Nagarkoti,Kolkata Knight Riders,10,172,258,5,9.4,Feb-13
KM Asif,Chennai Super Kings,3,52,93,4,9.850746269,Feb-42
KM Asif,Rajasthan Royals,4,91,139,3,9.850746269,Feb-42
KMA Paul,Delhi Capitals,8,180,239,10,7.509202454,Apr-33
KMDN Kulasekara,Chennai Super Kings,5,107,122,6,6.882352941,02-Oct
KP Appanna,Royal Challengers Bangalore,13,222,291,11,7.861111111,Apr-19
KP Pietersen,Delhi Daredevils,3,40,53,1,7.172413793,Feb-14
KP Pietersen,Royal Challengers Bangalore,10,140,165,8,7.172413793,Feb-14
KR Mayers,Lucknow Super Giants,6,46,59,0,7.571428571,0/4
KR Sen,Rajasthan Royals,12,255,396,14,9.286307054,Apr-20
KS Williamson,Sunrisers Hyderabad,2,18,31,0,10.33333333,0/7
KT Maphaka,Mumbai Indians,2,39,90,1,14.5,Jan-23
KV Sharma,Chennai Super Kings,11,193,288,10,8.448160535,May-39
KV Sharma,Mumbai Indians,9,189,217,13,8.448160535,May-39
KV Sharma,Royal Challengers Bangalore,7,132,229,11,8.448160535,May-39
KV Sharma,Royal Challengers Bengaluru,9,149,256,7,8.448160535,May-39
KV Sharma,Sunrisers Hyderabad,46,857,1140,41,8.448160535,May-39
KW Richardson,Pune Warriors,3,73,103,2,8.328358209,Apr-13
KW Richardson,Rajasthan Royals,7,167,209,10,8.328358209,Apr-13
KW Richardson,Royal Challengers Bangalore,5,105,167,9,8.328358209,Apr-13
Kamran Khan,Pune Warriors,1,18,47,0,8.530120482,May-36
Kamran Khan,Rajasthan Royals,8,159,201,14,8.530120482,May-36
Karanveer Singh,Kings XI Punjab,9,213,323,14,9.235294118,Apr-54
Kartik Tyagi,Gujarat Titans,1,26,52,0,9.511848341,Feb-29
Kartik Tyagi,Rajasthan Royals,14,334,497,14,9.511848341,Feb-29
Kartik Tyagi,Sunrisers Hyderabad,5,98,171,2,9.511848341,Feb-29
Kuldeep Yadav,Delhi Capitals,39,873,1162,47,8.12371134,Apr-15
Kuldeep Yadav,Kolkata Knight Riders,43,913,1251,43,8.12371134,Apr-15
L Ablish,Kings XI Punjab,3,45,76,5,10.42857143,Mar-18
L Balaji,Chennai Super Kings,29,581,827,35,7.928571429,May-25
L Balaji,Kings XI Punjab,9,211,305,12,7.928571429,May-25
L Balaji,Kolkata Knight Riders,35,782,951,38,7.928571429,May-25
L Ngidi,Chennai Super Kings,14,342,460,28,7.962962963,04-Nov
L Wood,Mumbai Indians,2,38,94,1,15.33333333,Jan-68
LA Carseldine,Rajasthan Royals,1,7,6,1,5,01-Jun
LB Williams,Delhi Capitals,2,42,74,1,10.37837838,Jan-40
LE Plunkett,Delhi Daredevils,7,154,228,4,8.96,Mar-19
LH Ferguson,Gujarat Titans,13,298,433,16,8.668058455,May-18
LH Ferguson,Kolkata Knight Riders,21,470,662,26,8.668058455,May-18
LH Ferguson,Rising Pune Supergiant,4,87,96,5,8.668058455,May-18
LH Ferguson,Royal Challengers Bengaluru,7,147,260,10,8.668058455,May-18
LI Meriwala,Delhi Capitals,1,19,32,1,9,Jan-32
LJ Wright,Pune Warriors,6,75,125,2,10.22535211,01-Dec
LMP Simmons,Mumbai Indians,1,18,34,1,11.33333333,Jan-34
LPC Silva,Deccan Chargers,1,6,21,0,21,0/21
LR Shukla,Delhi Daredevils,5,58,88,1,8.369426752,03-Jun
LR Shukla,Kolkata Knight Riders,22,268,370,16,8.369426752,03-Jun
LRPL Taylor,Rajasthan Royals,1,6,11,0,11.5,0/11
LRPL Taylor,Royal Challengers Bangalore,1,7,13,0,11.5,0/11
LS Livingstone,Punjab Kings,21,261,382,11,8.976744186,Mar-27
LS Livingstone,Rajasthan Royals,1,6,13,0,8.976744186,Mar-27
Lalit Yadav,Delhi Capitals,19,294,430,11,8.708333333,02-Nov
M Ashwin,Kings XI Punjab,19,402,497,15,7.931034483,Mar-22
M Ashwin,Mumbai Indians,8,179,233,9,7.931034483,Mar-22
M Ashwin,Punjab Kings,3,71,100,1,7.931034483,Mar-22
M Ashwin,Rajasthan Royals,2,25,53,0,7.931034483,Mar-22
M Ashwin,Rising Pune Supergiants,10,176,245,7,7.931034483,Mar-22
M Ashwin,Royal Challengers Bangalore,2,45,54,3,7.931034483,Mar-22
M Jansen,Mumbai Indians,2,40,47,3,8.847006652,Mar-25
M Jansen,Sunrisers Hyderabad,19,447,685,19,8.847006652,Mar-25
M Kartik,Kings XI Punjab,2,49,91,2,7.133159269,Apr-17
M Kartik,Kolkata Knight Riders,25,537,600,20,7.133159269,Apr-17
M Kartik,Pune Warriors,17,355,437,6,7.133159269,Apr-17
M Kartik,Royal Challengers Bangalore,11,241,290,11,7.133159269,Apr-17
M Manhas,Pune Warriors,3,42,42,0,6,0/9
M Markande,Mumbai Indians,19,347,496,17,8.85,Apr-15
M Markande,Rajasthan Royals,1,18,26,0,8.85,Apr-15
M Markande,Sunrisers Hyderabad,17,372,559,20,8.85,Apr-15
M Morkel,Delhi Daredevils,37,910,1143,52,7.521178637,Apr-20
M Morkel,Kolkata Knight Riders,29,699,887,35,7.521178637,Apr-20
M Morkel,Rajasthan Royals,4,90,106,1,7.521178637,Apr-20
M Muralitharan,Chennai Super Kings,40,979,1039,43,6.67539267,04-Nov
M Muralitharan,Kochi Tuskers Kerala,5,117,145,2,6.67539267,04-Nov
M Muralitharan,Royal Challengers Bangalore,21,485,581,22,6.67539267,04-Nov
M Ntini,Chennai Super Kings,9,213,257,8,7.2,Apr-24
M Pathirana,Chennai Super Kings,20,503,617,38,7.303769401,Apr-30
M Prasidh Krishna,Kolkata Knight Riders,34,799,1177,33,8.541666667,May-30
M Prasidh Krishna,Rajasthan Royals,17,432,564,21,8.541666667,May-30
M Shahrukh Khan,Gujarat Titans,2,12,16,0,8,0/7
M Siddharth,Lucknow Super Giants,3,58,72,1,6.981818182,Jan-21
M Theekshana,Chennai Super Kings,27,631,814,25,7.75,Apr-33
M Vijay,Delhi Daredevils,1,6,13,0,8,0/8
M Vijay,Kings XI Punjab,3,31,36,0,8,0/8
M de Lange,Kolkata Knight Riders,3,64,108,3,8.777777778,Mar-34
M de Lange,Mumbai Indians,2,52,63,3,8.777777778,Mar-34
MA Khote,Mumbai Indians,2,30,52,2,10.4,Feb-30
MA Starc,Kolkata Knight Riders,13,267,450,20,7.985559567,Apr-20
MA Starc,Royal Challengers Bangalore,26,612,725,39,7.985559567,Apr-20
MA Wood,Chennai Super Kings,1,25,50,0,9.25,May-14
MA Wood,Lucknow Super Giants,4,102,142,11,9.25,May-14
MB Parmar,Kolkata Knight Riders,1,19,33,0,10.66666667,0/33
MC Henriques,Delhi Daredevils,1,24,35,1,8.008421053,Mar-14
MC Henriques,Kolkata Knight Riders,4,76,107,2,8.008421053,Mar-14
MC Henriques,Punjab Kings,5,61,47,4,8.008421053,Mar-14
MC Henriques,Royal Challengers Bangalore,8,132,187,8,8.008421053,Mar-14
MC Henriques,Sunrisers Hyderabad,42,686,926,31,8.008421053,Mar-14
MF Maharoof,Delhi Daredevils,20,441,532,33,7.2,Apr-13
MG Bracewell,Royal Challengers Bangalore,5,66,95,6,8.636363636,Feb-13
MG Johnson,Kings XI Punjab,26,640,904,31,8.04048583,Apr-31
MG Johnson,Kolkata Knight Riders,6,133,218,2,8.04048583,Apr-31
MG Johnson,Mumbai Indians,22,528,618,33,8.04048583,Apr-31
MG Neser,Kings XI Punjab,1,25,62,0,14.75,0/62
MJ Clarke,Pune Warriors,5,66,72,3,6.545454545,01-Oct
MJ Henry,Kings XI Punjab,2,31,71,2,10.58823529,Feb-31
MJ Henry,Lucknow Super Giants,4,74,112,1,10.58823529,Feb-31
MJ McClenaghan,Mumbai Indians,56,1346,1839,75,8.147566719,Apr-26
MJ Santner,Chennai Super Kings,18,370,428,16,6.770491803,Feb-13
MJ Suthar,Gujarat Titans,1,12,26,0,13,0/26
MK Lomror,Rajasthan Royals,6,61,74,1,8.2,01-Apr
MK Lomror,Royal Challengers Bangalore,4,24,35,1,8.2,01-Apr
MK Lomror,Royal Challengers Bengaluru,1,9,18,0,8.2,01-Apr
MK Tiwary,Delhi Daredevils,2,18,39,0,11.14285714,01-Nov
MK Tiwary,Kings XI Punjab,1,7,10,0,11.14285714,01-Nov
MK Tiwary,Kolkata Knight Riders,3,20,34,1,11.14285714,01-Nov
MM Ali,Chennai Super Kings,35,506,591,26,7.029023747,Apr-13
MM Ali,Royal Challengers Bangalore,17,264,309,14,7.029023747,Apr-13
MM Patel,Gujarat Lions,2,42,58,1,7.44797048,May-25
MM Patel,Mumbai Indians,31,708,889,42,7.44797048,May-25
MM Patel,Rajasthan Royals,30,632,786,39,7.44797048,May-25
MM Sharma,Chennai Super Kings,48,1003,1293,63,8.540612517,05-Nov
MM Sharma,Delhi Capitals,1,25,45,1,8.540612517,05-Nov
MM Sharma,Gujarat Titans,25,513,790,47,8.540612517,05-Nov
MM Sharma,Kings XI Punjab,37,767,1150,36,8.540612517,05-Nov
MN Samuels,Delhi Daredevils,2,18,34,0,7.822429907,Mar-39
MN Samuels,Pune Warriors,9,201,251,10,7.822429907,Mar-39
MP Stoinis,Delhi Capitals,21,253,411,15,9.414694894,Apr-21
MP Stoinis,Kings XI Punjab,18,275,435,14,9.414694894,Apr-21
MP Stoinis,Lucknow Super Giants,17,200,307,14,9.414694894,Apr-21
MP Stoinis,Royal Challengers Bangalore,6,103,147,2,9.414694894,Apr-21
MP Yadav,Lucknow Super Giants,4,76,88,8,6.904109589,Apr-15
MR Marsh,Deccan Chargers,3,64,89,2,8.239285714,Apr-25
MR Marsh,Delhi Capitals,15,262,377,17,8.239285714,Apr-25
MR Marsh,Pune Warriors,12,208,286,14,8.239285714,Apr-25
MR Marsh,Rising Pune Supergiants,3,55,45,4,8.239285714,Apr-25
MR Marsh,Sunrisers Hyderabad,1,4,6,0,8.239285714,Apr-25
MS Gony,Chennai Super Kings,26,529,721,24,8.635135135,Mar-14
MS Gony,Deccan Chargers,9,206,303,8,8.635135135,Mar-14
MS Gony,Gujarat Lions,1,15,32,0,8.635135135,Mar-14
MS Gony,Kings XI Punjab,8,175,261,7,8.635135135,Mar-14
MW Short,Punjab Kings,3,25,25,0,6,0/7
Mandeep Singh,Kings XI Punjab,2,12,26,0,13,0/8
Mashrafe Mortaza,Kolkata Knight Riders,1,28,59,1,12.75,Jan-59
Mayank Dagar,Royal Challengers Bengaluru,5,72,122,1,8.759124088,Jan-25
Mayank Dagar,Sunrisers Hyderabad,3,66,83,1,8.759124088,Jan-25
Mohammad Asif,Delhi Daredevils,8,199,307,9,9.34375,Feb-20
Mohammad Hafeez,Kolkata Knight Riders,4,63,71,2,6.4,01-Nov
Mohammad Nabi,Mumbai Indians,6,74,110,2,7.539568345,Apr-15
Mohammad Nabi,Sunrisers Hyderabad,17,345,417,13,7.539568345,Apr-15
Mohammed Shami,Delhi Daredevils,32,687,1025,29,8.257084189,04-Nov
Mohammed Shami,Gujarat Titans,33,781,1023,49,8.257084189,04-Nov
Mohammed Shami,Kings XI Punjab,28,673,959,45,8.257084189,04-Nov
Mohammed Shami,Kolkata Knight Riders,3,57,79,1,8.257084189,04-Nov
Mohammed Shami,Punjab Kings,14,323,400,20,8.257084189,04-Nov
Mohammed Siraj,Royal Challengers Bangalore,73,1590,2173,71,8.341164454,Apr-22
Mohammed Siraj,Royal Challengers Bengaluru,14,350,507,15,8.341164454,Apr-22
Mohammed Siraj,Sunrisers Hyderabad,6,141,214,10,8.341164454,Apr-22
Mohit Rathee,Punjab Kings,1,12,29,0,14.5,0/29
Mohsin Khan,Lucknow Super Giants,23,507,698,27,8.296296296,Apr-16
Monu Kumar,Chennai Super Kings,1,16,20,0,7,0/20
Mujeeb Ur Rahman,Kings XI Punjab,18,426,568,18,7.880184332,Mar-28
Mujeeb Ur Rahman,Sunrisers Hyderabad,1,26,30,2,7.880184332,Mar-28
Mukesh Choudhary,Chennai Super Kings,14,298,452,16,9.182795699,Apr-46
Mukesh Kumar,Delhi Capitals,20,420,707,31,10.28571429,Apr-60
Mustafizur Rahman,Chennai Super Kings,9,225,324,14,7.958429561,Apr-30
Mustafizur Rahman,Delhi Capitals,10,241,327,10,7.958429561,Apr-30
Mustafizur Rahman,Mumbai Indians,7,167,232,9,7.958429561,Apr-30
Mustafizur Rahman,Rajasthan Royals,14,327,448,18,7.958429561,Apr-30
Mustafizur Rahman,Sunrisers Hyderabad,17,393,461,19,7.958429561,Apr-30
N Burger,Rajasthan Royals,5,105,152,7,8.529411765,Feb-30
N Rana,Kolkata Knight Riders,23,179,250,10,8.266666667,02-Nov
N Rana,Mumbai Indians,1,6,3,0,8.266666667,02-Nov
N Thushara,Mumbai Indians,7,172,259,8,9.153846154,Mar-28
N Wadhera,Mumbai Indians,1,12,13,0,6.5,0/13
NA Saini,Rajasthan Royals,1,15,35,0,12,0/35
NB Singh,Gujarat Lions,2,25,18,1,4.25,01-Aug
ND Doshi,Rajasthan Royals,3,32,62,1,8.357142857,Jan-15
ND Doshi,Royal Challengers Bangalore,1,25,17,1,8.357142857,Jan-15
NJ Rimmington,Kings XI Punjab,1,18,20,0,6.666666667,0/20
NL McCullum,Pune Warriors,2,30,35,0,7,0/12
NLTC Perera,Chennai Super Kings,1,6,19,0,8.681948424,Mar-20
NLTC Perera,Kings XI Punjab,2,37,55,1,8.681948424,Mar-20
NLTC Perera,Kochi Tuskers Kerala,4,86,114,5,8.681948424,Mar-20
NLTC Perera,Mumbai Indians,2,15,27,0,8.681948424,Mar-20
NLTC Perera,Rising Pune Supergiants,11,202,326,10,8.681948424,Mar-20
NLTC Perera,Sunrisers Hyderabad,16,369,490,21,8.681948424,Mar-20
NM Coulter-Nile,Delhi Daredevils,16,383,478,22,7.554259043,Apr-14
NM Coulter-Nile,Kolkata Knight Riders,8,178,232,16,7.554259043,Apr-14
NM Coulter-Nile,Mumbai Indians,13,311,366,14,7.554259043,Apr-14
NM Coulter-Nile,Rajasthan Royals,1,20,49,0,7.554259043,Apr-14
NT Ellis,Punjab Kings,16,365,514,19,8.389830508,Apr-30
Naman Dhir,Mumbai Indians,3,29,55,0,11.57142857,0/13
Navdeep Saini,Rajasthan Royals,3,64,113,6,8.429447853,Mar-40
Navdeep Saini,Royal Challengers Bangalore,28,618,855,20,8.429447853,Mar-40
Naveen-ul-Haq,Lucknow Super Giants,17,407,602,26,8.907216495,Apr-39
Nithish Kumar Reddy,Sunrisers Hyderabad,9,118,208,4,10.95412844,Feb-17
Noor Ahmad,Gujarat Titans,23,513,672,24,7.914634146,Mar-37
O Thomas,Rajasthan Royals,4,63,85,5,8.1,02-Aug
OC McCoy,Rajasthan Royals,8,180,255,11,8.777777778,Mar-23
OF Smith,Punjab Kings,6,95,179,7,11.53333333,Apr-30
P Amarnath,Chennai Super Kings,6,132,241,7,10.95454545,Feb-30
P Awana,Kings XI Punjab,33,774,1046,43,8.088353414,Apr-34
P Dubey,Delhi Capitals,4,67,91,1,8.181818182,Jan-19
P Kumar,Gujarat Lions,22,427,562,16,7.599841521,Mar-16
P Kumar,Kings XI Punjab,44,1032,1192,35,7.599841521,Mar-16
P Kumar,Mumbai Indians,3,73,81,4,7.599841521,Mar-16
P Kumar,Royal Challengers Bangalore,38,875,1169,40,7.599841521,Mar-16
P Kumar,Sunrisers Hyderabad,12,230,338,7,7.599841521,Mar-16
P Negi,Chennai Super Kings,12,226,335,8,7.851955307,Apr-18
P Negi,Delhi Daredevils,12,213,265,9,7.851955307,Apr-18
P Negi,Royal Challengers Bangalore,18,294,354,21,7.851955307,Apr-18
P Parameswaran,Kochi Tuskers Kerala,5,97,137,4,8.376623377,Mar-30
P Parameswaran,Royal Challengers Bangalore,3,62,89,5,8.376623377,Mar-30
P Prasanth,Kochi Tuskers Kerala,1,6,18,0,18,0/18
P Ray Barman,Royal Challengers Bangalore,1,24,56,0,14,0/56
P Sahu,Kings XI Punjab,5,107,152,3,8.571428571,Feb-18
P Suyal,Mumbai Indians,5,107,154,2,8.75,Jan-22
PC Valthaty,Kings XI Punjab,10,153,207,7,7.986754967,Apr-29
PD Collingwood,Delhi Daredevils,6,90,101,5,6.741573034,Feb-19
PH Solanki,Chennai Super Kings,2,36,39,2,6.5,Feb-21
PJ Cummins,Delhi Daredevils,12,289,393,16,8.6656558,Apr-26
PJ Cummins,Kolkata Knight Riders,30,706,1012,32,8.6656558,Apr-26
PJ Cummins,Sunrisers Hyderabad,16,375,571,18,8.6656558,Apr-26
PJ Sangwan,Delhi Daredevils,28,651,855,34,8.425233645,Mar-19
PJ Sangwan,Gujarat Lions,7,135,232,6,8.425233645,Mar-19
PJ Sangwan,Gujarat Titans,3,56,66,3,8.425233645,Mar-19
PJ Sangwan,Kolkata Knight Riders,3,51,94,1,8.425233645,Mar-19
PJ Sangwan,Mumbai Indians,1,12,20,0,8.425233645,Mar-19
PM Sarvesh Kumar,Deccan Chargers,2,31,42,1,8.2,Jan-18
PP Chawla,Chennai Super Kings,7,128,191,7,7.943376623,Apr-21
PP Chawla,Kings XI Punjab,87,1806,2284,89,7.943376623,Apr-21
PP Chawla,Kolkata Knight Riders,69,1351,1855,68,7.943376623,Apr-21
PP Chawla,Mumbai Indians,28,610,849,37,7.943376623,Apr-21
PP Ojha,Deccan Chargers,53,1147,1378,66,7.336492891,Apr-30
PP Ojha,Mumbai Indians,37,798,1021,33,7.336492891,Apr-30
PV Tambe,Gujarat Lions,7,97,143,5,7.7,Apr-20
PV Tambe,Rajasthan Royals,26,577,723,23,7.7,Apr-20
PVD Chameera,Kolkata Knight Riders,1,19,49,0,8.893617021,Mar-48
PVD Chameera,Lucknow Super Giants,12,278,393,11,8.893617021,Mar-48
PWH de Silva,Royal Challengers Bangalore,26,557,758,36,8.163043478,May-19
Pankaj Singh,Rajasthan Royals,12,215,324,7,9.1,Feb-19
Pankaj Singh,Royal Challengers Bangalore,5,96,148,4,9.1,Feb-19
Parvez Rasool,Pune Warriors,2,30,29,1,8.181818182,Jan-20
Parvez Rasool,Royal Challengers Bangalore,4,84,130,1,8.181818182,Jan-20
Parvez Rasool,Sunrisers Hyderabad,5,86,114,2,8.181818182,Jan-20
R Ashwin,Chennai Super Kings,94,2081,2231,99,6.946949602,May-25
R Ashwin,Delhi Capitals,28,590,727,23,6.946949602,May-25
R Ashwin,Kings XI Punjab,28,656,811,28,6.946949602,May-25
R Ashwin,Rajasthan Royals,44,1074,1345,37,6.946949602,May-25
R Ashwin,Rising Pune Supergiants,14,278,321,11,6.946949602,May-25
R Bhatia,Delhi Daredevils,21,365,474,23,7.419315403,Apr-15
R Bhatia,Kolkata Knight Riders,43,783,947,38,7.419315403,Apr-15
R Bhatia,Rajasthan Royals,14,262,334,13,7.419315403,Apr-15
R Bhatia,Rising Pune Supergiant,3,43,55,2,7.419315403,Apr-15
R Bhatia,Rising Pune Supergiants,10,208,249,6,7.419315403,Apr-15
R Dhawan,Kings XI Punjab,20,418,540,18,7.975830816,Feb-18
R Dhawan,Mumbai Indians,5,95,115,2,7.975830816,Feb-18
R Dhawan,Punjab Kings,11,180,267,7,7.975830816,Feb-18
R Goyal,Mumbai Indians,1,24,34,0,8.5,0/34
R McLaren,Kings XI Punjab,6,111,182,5,8.966101695,Mar-61
R McLaren,Kolkata Knight Riders,2,46,95,4,8.966101695,Mar-61
R McLaren,Mumbai Indians,10,215,281,5,8.966101695,Mar-61
R Ninan,Royal Challengers Bangalore,2,36,65,3,10.83333333,Feb-31
R Parag,Rajasthan Royals,21,181,307,5,10.28571429,01-Jul
R Powell,Delhi Capitals,2,21,35,1,10.66666667,Jan-18
R Rampaul,Royal Challengers Bangalore,12,278,319,17,6.895522388,Mar-31
R Ravindra,Chennai Super Kings,2,12,7,0,3.5,0/3
R Sai Kishore,Gujarat Titans,10,191,259,13,8.193548387,Apr-33
R Sanjay Yadav,Mumbai Indians,1,14,23,0,10.5,0/23
R Sathish,Kings XI Punjab,3,24,52,1,9.841726619,Feb-20
R Sathish,Kolkata Knight Riders,3,38,59,2,9.841726619,Feb-20
R Sathish,Mumbai Indians,8,82,122,3,9.841726619,Feb-20
R Sharma,Deccan Chargers,6,126,170,6,7.066810345,Mar-13
R Sharma,Delhi Daredevils,2,36,65,1,7.066810345,Mar-13
R Sharma,Pune Warriors,36,773,865,35,7.066810345,Mar-13
R Shepherd,Mumbai Indians,5,76,162,2,11.9047619,Mar-42
R Shepherd,Sunrisers Hyderabad,3,57,98,4,11.9047619,Mar-42
R Shukla,Delhi Daredevils,3,58,105,3,10.3,Feb-27
R Shukla,Mumbai Indians,1,19,32,0,10.3,Feb-27
R Shukla,Rajasthan Royals,3,53,80,4,10.3,Feb-27
R Tewatia,Delhi Capitals,3,39,42,2,7.779359431,Mar-18
R Tewatia,Delhi Daredevils,8,134,174,6,7.779359431,Mar-18
R Tewatia,Gujarat Titans,7,50,91,1,7.779359431,Mar-18
R Tewatia,Kings XI Punjab,3,55,51,3,7.779359431,Mar-18
R Tewatia,Rajasthan Royals,31,588,759,24,7.779359431,Mar-18
R Vinay Kumar,Kochi Tuskers Kerala,13,278,345,17,8.330042313,May-40
R Vinay Kumar,Kolkata Knight Riders,11,219,359,12,8.330042313,May-40
R Vinay Kumar,Mumbai Indians,17,342,467,15,8.330042313,May-40
R Vinay Kumar,Royal Challengers Bangalore,63,1347,1870,83,8.330042313,May-40
RA Jadeja,Chennai Super Kings,159,3001,3761,139,7.556019849,May-16
RA Jadeja,Gujarat Lions,26,476,672,14,7.556019849,May-16
RA Jadeja,Kochi Tuskers Kerala,14,261,307,9,7.556019849,May-16
RA Jadeja,Rajasthan Royals,12,157,177,7,7.556019849,May-16
RA Shaikh,Mumbai Indians,1,6,11,0,11,0/11
RA Tripathi,Rising Pune Supergiant,1,6,12,0,12,0/12
RD Chahar,Mumbai Indians,39,871,1073,42,7.651442308,Apr-31
RD Chahar,Punjab Kings,36,780,1033,32,7.651442308,Apr-31
RD Chahar,Rising Pune Supergiant,2,46,59,2,7.651442308,Apr-31
RE van der Merwe,Delhi Daredevils,10,219,225,14,6.812641084,Mar-20
RE van der Merwe,Royal Challengers Bangalore,11,236,290,11,6.812641084,Mar-20
RG More,Chennai Super Kings,2,37,63,1,10.45714286,Jan-35
RG Sharma,Deccan Chargers,22,284,348,15,7.911504425,04-Jul
RG Sharma,Mumbai Indians,10,65,114,1,7.911504425,04-Jul
RJ Gleeson,Chennai Super Kings,2,51,72,1,8.680851064,Jan-31
RJ Harris,Deccan Chargers,16,387,474,21,7.456730769,Apr-34
RJ Harris,Kings XI Punjab,21,478,611,26,7.456730769,Apr-34
RJ Peterson,Mumbai Indians,4,48,70,3,8.75,Mar-37
RJW Topley,Royal Challengers Bangalore,1,12,14,1,10.41176471,Feb-27
RJW Topley,Royal Challengers Bengaluru,4,95,168,4,10.41176471,Feb-27
RN ten Doeschate,Kolkata Knight Riders,10,83,94,3,6.769230769,01-Apr
RP Meredith,Mumbai Indians,13,307,450,17,8.829896907,Mar-27
RP Meredith,Punjab Kings,5,108,171,4,8.829896907,Mar-27
RP Singh,Deccan Chargers,42,973,1274,57,7.764507042,May-22
RP Singh,Kochi Tuskers Kerala,14,314,365,15,7.764507042,May-22
RP Singh,Mumbai Indians,11,260,328,11,7.764507042,May-22
RP Singh,Rising Pune Supergiants,4,76,114,3,7.764507042,May-22
RP Singh,Royal Challengers Bangalore,11,251,336,14,7.764507042,May-22
RR Bhatkal,Royal Challengers Bangalore,1,12,35,0,17.5,0/35
RR Bose,Kings XI Punjab,1,12,24,0,12,0/24
RR Powar,Kings XI Punjab,21,371,426,13,7.211267606,02-Nov
RR Powar,Kochi Tuskers Kerala,5,72,112,2,7.211267606,02-Nov
RR Raje,Mumbai Indians,10,144,214,7,8.805755396,Feb-16
RS Bopara,Kings XI Punjab,7,90,137,5,8.300970874,Mar-31
RS Bopara,Sunrisers Hyderabad,7,123,164,8,8.300970874,Mar-31
RS Gavaskar,Kolkata Knight Riders,1,6,8,0,8,0/8
RS Hangargekar,Chennai Super Kings,2,43,60,3,8.833333333,Mar-36
RV Gomez,Kochi Tuskers Kerala,8,91,125,5,8.0625,Feb-14
RV Gomez,Pune Warriors,1,6,5,1,8.0625,Feb-14
RV Patel,Delhi Capitals,1,20,22,0,6.666666667,0/22
RW Price,Mumbai Indians,1,18,33,0,11,0/33
Ramandeep Singh,Kolkata Knight Riders,1,4,9,0,8.85,Mar-20
Ramandeep Singh,Mumbai Indians,3,41,55,6,8.85,Mar-20
Rashid Khan,Gujarat Titans,45,1055,1357,58,6.883704735,May-24
Rashid Khan,Sunrisers Hyderabad,76,1846,1983,99,6.883704735,May-24
Rasikh Salam,Delhi Capitals,8,156,271,9,10.06153846,Mar-35
Rasikh Salam,Kolkata Knight Riders,2,24,28,0,10.06153846,Mar-35
Rasikh Salam,Mumbai Indians,1,27,42,0,10.06153846,Mar-35
Ravi Bishnoi,Kings XI Punjab,14,318,381,14,7.666902906,Mar-26
Ravi Bishnoi,Lucknow Super Giants,42,922,1240,41,7.666902906,Mar-26
Ravi Bishnoi,Punjab Kings,9,220,240,13,7.666902906,Mar-26
S Aravind,Royal Challengers Bangalore,38,788,1057,48,8.092105263,Apr-14
S Badree,Chennai Super Kings,4,87,103,2,7.418604651,04-Oct
S Badree,Rajasthan Royals,1,25,35,0,7.418604651,04-Oct
S Badree,Royal Challengers Bangalore,7,151,191,9,7.418604651,04-Oct
S Dhawan,Deccan Chargers,6,49,72,4,8.875,01-Aug
S Dube,Chennai Super Kings,3,20,54,1,9.910714286,Mar-17
S Dube,Rajasthan Royals,4,31,53,0,9.910714286,Mar-17
S Dube,Royal Challengers Bangalore,7,66,83,5,9.910714286,Mar-17
S Gopal,Mumbai Indians,9,158,222,10,8.143289606,Apr-16
S Gopal,Rajasthan Royals,41,824,1102,42,8.143289606,Apr-16
S Gopal,Sunrisers Hyderabad,1,18,34,1,8.143289606,Apr-16
S Joseph,Lucknow Super Giants,1,30,51,0,10,0/51
S Kaul,Delhi Daredevils,11,215,308,7,8.615384615,Apr-30
S Kaul,Royal Challengers Bangalore,1,24,43,0,8.615384615,Apr-30
S Kaul,Sunrisers Hyderabad,43,999,1421,56,8.615384615,Apr-30
S Kaushik,Gujarat Lions,10,210,304,6,8.764705882,Mar-20
S Ladda,Delhi Daredevils,5,92,144,4,9.608695652,Feb-45
S Ladda,Gujarat Lions,1,12,21,0,9.608695652,Feb-45
S Ladda,Kolkata Knight Riders,3,37,60,1,9.608695652,Feb-45
S Lamichhane,Delhi Capitals,6,138,211,9,8.457142857,Mar-36
S Lamichhane,Delhi Daredevils,3,73,86,5,8.457142857,Mar-36
S Midhun,Rajasthan Royals,1,13,29,0,14,0/29
S Nadeem,Delhi Daredevils,59,1229,1494,44,7.454416961,Mar-16
S Nadeem,Sunrisers Hyderabad,11,215,306,10,7.454416961,Mar-16
S Narwal,Kolkata Knight Riders,1,14,17,0,11.09433962,Apr-36
S Narwal,Rajasthan Royals,5,99,186,6,11.09433962,Apr-36
S Rana,Pune Warriors,1,4,2,0,6.75,0/2
S Rana,Royal Challengers Bangalore,2,12,16,0,6.75,0/2
S Randiv,Chennai Super Kings,8,180,223,8,7.482758621,Feb-24
S Sandeep Warrier,Gujarat Titans,5,70,122,6,8.678571429,Mar-15
S Sandeep Warrier,Kolkata Knight Riders,5,106,135,2,8.678571429,Mar-15
S Sreesanth,Kings XI Punjab,28,605,838,30,7.636363636,Mar-22
S Sreesanth,Kochi Tuskers Kerala,9,206,212,7,7.636363636,Mar-22
S Sreesanth,Rajasthan Royals,7,136,171,6,7.636363636,Mar-22
S Sriram,Delhi Daredevils,1,6,25,0,16.33333333,0/24
S Sriram,Royal Challengers Bangalore,1,12,24,0,16.33333333,0/24
S Tyagi,Chennai Super Kings,14,220,304,6,8.38277512,Feb-19
S Vidyut,Chennai Super Kings,1,13,22,1,10.5,Jan-22
SA Abbott,Royal Challengers Bangalore,2,32,57,0,11,Jan-47
SA Abbott,Sunrisers Hyderabad,1,27,47,1,11,Jan-47
SA Yadav,Kolkata Knight Riders,1,6,8,0,8,0/8
SB Bangar,Deccan Chargers,9,153,221,6,8.56,Feb-31
SB Jakati,Chennai Super Kings,48,924,1200,48,7.985253456,Apr-23
SB Jakati,Gujarat Lions,8,155,233,2,7.985253456,Apr-23
SB Jakati,Royal Challengers Bangalore,1,22,41,0,7.985253456,Apr-23
SB Joshi,Royal Challengers Bangalore,4,55,82,1,8.945454545,Jan-27
SB Styris,Chennai Super Kings,1,6,13,0,7.555555556,Mar-32
SB Styris,Deccan Chargers,10,216,265,9,7.555555556,Mar-32
SB Wagh,Pune Warriors,7,102,131,4,8.294117647,Mar-16
SB Wagh,Rajasthan Royals,1,6,16,1,8.294117647,Mar-16
SC Ganguly,Kolkata Knight Riders,16,219,273,9,7.934782609,Mar-23
SC Ganguly,Pune Warriors,4,61,97,3,7.934782609,Mar-23
SC Kuggeleijn,Chennai Super Kings,2,50,71,2,8.625,Feb-37
SD Chitnis,Mumbai Indians,2,38,62,2,9.333333333,Feb-41
SE Bond,Kolkata Knight Riders,8,191,225,9,7.064516129,Feb-24
SE Rutherford,Delhi Capitals,6,46,60,1,8.048780488,01-Jun
SH Johnson,Gujarat Titans,5,99,155,4,9.5,Feb-25
SJ Srivastava,Kings XI Punjab,14,306,444,15,8.765957447,Feb-20
SK Raina,Chennai Super Kings,59,797,953,29,7.381057269,2/0
SK Raina,Gujarat Lions,10,133,186,1,7.381057269,2/0
SK Trivedi,Rajasthan Royals,75,1557,1944,73,7.422310757,Apr-16
SK Warne,Rajasthan Royals,54,1223,1465,60,7.165829146,Apr-22
SL Malinga,Mumbai Indians,122,2974,3486,188,6.997171146,May-13
SM Boland,Rising Pune Supergiants,2,43,56,3,7.857142857,Mar-31
SM Curran,Chennai Super Kings,22,474,680,24,9.459779848,Apr-13
SM Curran,Kings XI Punjab,9,207,325,11,9.459779848,Apr-13
SM Curran,Punjab Kings,27,553,919,27,9.459779848,Apr-13
SM Harwood,Rajasthan Royals,3,67,74,3,6.2,Feb-26
SM Pollock,Mumbai Indians,13,280,307,13,6.586956522,04-Dec
SMSM Senanayake,Kolkata Knight Riders,8,195,211,9,6.5,Feb-26
SN Khan,Kings XI Punjab,1,2,6,0,18,0/6
SN Thakur,Chennai Super Kings,56,1273,1843,63,8.900321543,Apr-36
SN Thakur,Delhi Capitals,14,315,485,16,8.900321543,Apr-36
SN Thakur,Kings XI Punjab,1,20,39,1,8.900321543,Apr-36
SN Thakur,Kolkata Knight Riders,9,132,222,7,8.900321543,Apr-36
SN Thakur,Rising Pune Supergiant,12,239,319,13,8.900321543,Apr-36
SP Narine,Kolkata Knight Riders,175,4146,4672,200,6.733643715,May-13
SPD Smith,Pune Warriors,1,2,5,0,15,0/5
SR Tendulkar,Mumbai Indians,4,37,59,0,9.666666667,0/8
SR Watson,Chennai Super Kings,11,176,252,7,7.753573189,Apr-23
SR Watson,Rajasthan Royals,70,1436,1754,72,7.753573189,Apr-23
SR Watson,Royal Challengers Bangalore,24,525,736,28,7.753573189,Apr-23
SS Agarwal,Gujarat Lions,1,24,42,1,10.5,Jan-42
SS Cottrell,Kings XI Punjab,6,131,177,6,8.1,Feb-17
SS Iyer,Kolkata Knight Riders,1,6,7,0,7,0/7
SS Mundhe,Pune Warriors,1,7,6,1,5,01-Jun
SS Sarkar,Kolkata Knight Riders,2,25,34,1,8.16,Jan-15
SSB Magala,Chennai Super Kings,2,37,52,1,8.5,Jan-38
ST Jayasuriya,Mumbai Indians,21,301,396,16,7.775510204,Apr-14
STR Binny,Mumbai Indians,1,6,9,0,7.535353535,Mar-14
STR Binny,Rajasthan Royals,47,464,570,23,7.535353535,Mar-14
STR Binny,Royal Challengers Bangalore,15,141,184,5,7.535353535,Mar-14
SW Tait,Rajasthan Royals,21,534,668,26,7.357293869,Apr-25
SZ Mulani,Mumbai Indians,2,33,57,0,10.8,0/24
Sachin Baby,Royal Challengers Bangalore,2,10,8,3,4.8,02-Apr
Sandeep Sharma,Kings XI Punjab,56,1273,1623,76,7.728561304,May-18
Sandeep Sharma,Punjab Kings,5,126,156,3,7.728561304,May-18
Sandeep Sharma,Rajasthan Royals,22,526,712,30,7.728561304,May-18
Sandeep Sharma,Sunrisers Hyderabad,43,1000,1267,44,7.728561304,May-18
Shahbaz Ahmed,Royal Challengers Bangalore,27,383,573,14,9.296089385,03-Jul
Shahbaz Ahmed,Sunrisers Hyderabad,15,166,277,7,9.296089385,03-Jul
Shahid Afridi,Deccan Chargers,10,185,237,9,7.733333333,Mar-28
Shakib Al Hasan,Kolkata Knight Riders,50,1104,1311,53,7.386792453,Mar-17
Shakib Al Hasan,Sunrisers Hyderabad,20,411,553,18,7.386792453,Mar-17
Shashank Singh,Punjab Kings,1,6,5,1,8,01-May
Shashank Singh,Sunrisers Hyderabad,2,13,20,0,8,01-May
Shivam Mavi,Kolkata Knight Riders,32,687,958,33,8.37596302,Apr-21
Shivam Sharma,Kings XI Punjab,5,114,165,4,8.684210526,Feb-26
Shoaib Ahmed,Deccan Chargers,7,103,154,5,9,Feb-22
Shoaib Akhtar,Kolkata Knight Riders,3,46,54,5,7.142857143,04-Nov
Shoaib Malik,Delhi Daredevils,5,58,87,2,9.176470588,01-Jun
Sikandar Raza,Punjab Kings,7,88,146,3,9.811764706,Jan-23
Simarjeet Singh,Chennai Super Kings,10,193,265,10,8.233333333,Mar-26
Sohail Tanvir,Rajasthan Royals,11,265,275,24,6.194331984,Jun-15
Sumit Kumar,Delhi Capitals,2,22,38,0,10.8,0/19
Sunny Gupta,Delhi Daredevils,1,19,47,0,15,0/47
Suyash Sharma,Kolkata Knight Riders,13,264,381,11,8.697674419,Mar-30
Swapnil Singh,Kings XI Punjab,5,61,90,1,8.777777778,Feb-28
Swapnil Singh,Lucknow Super Giants,2,12,18,0,8.777777778,Feb-28
Swapnil Singh,Royal Challengers Bengaluru,7,92,133,6,8.777777778,Feb-28
T Henderson,Rajasthan Royals,2,36,41,1,6.833333333,Jan-30
T Natarajan,Kings XI Punjab,6,82,116,2,8.665669409,Apr-19
T Natarajan,Sunrisers Hyderabad,55,1319,1885,74,8.665669409,Apr-19
T Shamsi,Rajasthan Royals,1,24,34,0,9.25,Jan-23
T Shamsi,Royal Challengers Bangalore,4,96,151,3,9.25,Jan-23
T Stubbs,Delhi Capitals,2,13,15,3,7,02-Nov
T Stubbs,Mumbai Indians,1,12,14,1,7,02-Nov
T Thushara,Chennai Super Kings,6,144,164,10,6.666666667,Apr-29
TA Boult,Delhi Capitals,5,120,163,5,8.132422042,Apr-18
TA Boult,Delhi Daredevils,14,327,476,20,8.132422042,Apr-18
TA Boult,Kolkata Knight Riders,6,148,222,5,8.132422042,Apr-18
TA Boult,Mumbai Indians,29,671,882,40,8.132422042,Apr-18
TA Boult,Rajasthan Royals,41,955,1265,47,8.132422042,Apr-18
TA Boult,Sunrisers Hyderabad,8,207,278,11,8.132422042,Apr-18
TG Southee,Chennai Super Kings,5,119,167,4,8.512437811,May-31
TG Southee,Kolkata Knight Riders,14,330,458,23,8.512437811,May-31
TG Southee,Mumbai Indians,14,334,430,12,8.512437811,May-31
TG Southee,Rajasthan Royals,10,238,333,9,8.512437811,May-31
TG Southee,Royal Challengers Bangalore,11,241,386,9,8.512437811,May-31
TK Curran,Delhi Capitals,3,72,104,4,10.46218487,Mar-29
TK Curran,Kolkata Knight Riders,5,64,118,6,10.46218487,Mar-29
TK Curran,Rajasthan Royals,5,116,210,3,10.46218487,Mar-29
TL Suman,Deccan Chargers,7,104,132,6,7.8,Feb-14
TL Suman,Mumbai Indians,3,36,50,0,7.8,Feb-14
TL Suman,Pune Warriors,1,12,16,1,7.8,Feb-14
TM Dilshan,Delhi Daredevils,13,151,172,4,8.036900369,01-Mar
TM Dilshan,Royal Challengers Bangalore,12,124,196,1,8.036900369,01-Mar
TM Head,Royal Challengers Bangalore,5,48,81,3,11.68965517,Feb-30
TM Head,Sunrisers Hyderabad,1,10,32,0,11.68965517,Feb-30
TP Sudhindra,Deccan Chargers,3,74,137,1,11.05714286,Jan-47
TS Mills,Mumbai Indians,5,107,192,6,9.588516746,Mar-35
TS Mills,Royal Challengers Bangalore,5,111,157,5,9.588516746,Mar-35
TU Deshpande,Chennai Super Kings,31,721,1082,43,9.387596899,Apr-27
TU Deshpande,Delhi Capitals,5,110,193,3,9.387596899,Apr-27
Tejas Baroka,Gujarat Lions,1,21,33,0,9.428571429,0/33
Tilak Varma,Mumbai Indians,4,23,28,0,7.363636364,0/6
UT Yadav,Delhi Daredevils,46,1017,1356,53,8.365063788,Apr-21
UT Yadav,Gujarat Titans,7,129,211,9,8.365063788,Apr-21
UT Yadav,Kolkata Knight Riders,67,1429,1990,71,8.365063788,Apr-21
UT Yadav,Royal Challengers Bangalore,27,615,885,30,8.365063788,Apr-21
Umar Gul,Kolkata Knight Riders,6,153,198,14,7.688888889,Apr-24
Umran Malik,Sunrisers Hyderabad,26,519,785,31,8.963562753,May-26
V Kaverappa,Punjab Kings,1,24,36,2,9,Feb-36
V Kohli,Royal Challengers Bangalore,26,264,371,5,8.366533865,Feb-25
V Pratap Singh,Deccan Chargers,9,211,300,12,8.617647059,Mar-31
V Sehwag,Delhi Daredevils,15,138,236,6,10.14705882,Feb-18
V Shankar,Chennai Super Kings,1,6,19,0,7.941176471,Feb-19
V Shankar,Delhi Daredevils,4,34,58,1,7.941176471,Feb-19
V Shankar,Gujarat Titans,2,10,15,1,7.941176471,Feb-19
V Shankar,Sunrisers Hyderabad,15,208,252,10,7.941176471,Feb-19
V Viyaskanth,Sunrisers Hyderabad,3,60,90,1,9,Jan-41
VG Arora,Kolkata Knight Riders,15,308,433,16,8.609375,Mar-27
VG Arora,Punjab Kings,5,110,165,4,8.609375,Mar-27
VR Aaron,Delhi Daredevils,11,269,362,11,8.6861167,Mar-16
VR Aaron,Gujarat Titans,2,33,53,2,8.6861167,Mar-16
VR Aaron,Kings XI Punjab,6,129,170,7,8.6861167,Mar-16
VR Aaron,Rajasthan Royals,8,128,224,4,8.6861167,Mar-16
VR Aaron,Royal Challengers Bangalore,23,506,718,22,8.6861167,Mar-16
VR Iyer,Kolkata Knight Riders,9,84,145,3,10.51851852,Feb-30
VRV Singh,Kings XI Punjab,18,371,549,16,8.8,Mar-29
VS Malik,Kings XI Punjab,9,132,180,3,7.609756098,Feb-14
VS Malik,Rajasthan Royals,4,80,88,3,7.609756098,Feb-14
VS Yeligati,Mumbai Indians,2,32,61,0,11,0/16
VY Mahesh,Chennai Super Kings,4,61,83,3,8.407079646,May-36
VY Mahesh,Delhi Daredevils,13,298,428,19,8.407079646,May-36
Vijaykumar Vyshak,Royal Challengers Bangalore,7,153,253,11,9.818181818,Apr-24
Vijaykumar Vyshak,Royal Challengers Bengaluru,4,90,143,6,9.818181818,Apr-24
Vivrant Sharma,Sunrisers Hyderabad,2,21,37,0,9.333333333,0/18
WA Mota,Kings XI Punjab,7,75,98,4,7.833333333,01-Jul
WD Parnell,Delhi Daredevils,8,190,235,7,7.55186722,Apr-36
WD Parnell,Pune Warriors,18,411,496,24,7.55186722,Apr-36
WD Parnell,Royal Challengers Bangalore,7,157,237,9,7.55186722,Apr-36
WG Jacks,Royal Challengers Bengaluru,5,55,100,2,10.88888889,Jan-23
WPUJC Vaas,Deccan Chargers,13,288,364,22,7.489361702,Mar-21
Washington Sundar,Rising Pune Supergiant,10,182,189,9,7.5028463,Mar-16
Washington Sundar,Royal Challengers Bangalore,31,576,688,20,7.5028463,Mar-16
Washington Sundar,Sunrisers Hyderabad,17,306,458,10,7.5028463,Mar-16
Y Gnaneswara Rao,Kochi Tuskers Kerala,1,6,7,0,7,0/7
Y Nagar,Delhi Daredevils,8,72,125,4,10.45454545,Feb-20
Y Prithvi Raj,Kolkata Knight Riders,2,33,57,1,10.8,Jan-29
Y Venugopal Rao,Deccan Chargers,14,186,270,7,9.166666667,Feb-23
Y Venugopal Rao,Delhi Daredevils,4,24,52,0,9.166666667,Feb-23
Y Venugopal Rao,Sunrisers Hyderabad,2,12,16,0,9.166666667,Feb-23
YA Abdulla,Kings XI Punjab,11,222,311,15,8.440191388,Apr-31
YBK Jaiswal,Rajasthan Royals,1,1,6,0,36,0/6
YK Pathan,Kolkata Knight Riders,45,561,686,22,7.323452485,Mar-21
YK Pathan,Rajasthan Royals,35,605,735,23,7.323452485,Mar-21
YK Pathan,Sunrisers Hyderabad,2,18,22,1,7.323452485,Mar-21
YS Chahal,Mumbai Indians,1,24,35,0,7.743254757,May-40
YS Chahal,Rajasthan Royals,46,1117,1518,70,7.743254757,May-40
YS Chahal,Royal Challengers Bangalore,112,2487,3128,143,7.743254757,May-40
Yash Dayal,Gujarat Titans,14,293,461,15,9.228373702,Apr-20
Yash Dayal,Royal Challengers Bengaluru,14,322,472,16,9.228373702,Apr-20
Yash Thakur,Lucknow Super Giants,19,432,702,27,9.98019802,May-31
Yudhvir Singh,Lucknow Super Giants,5,74,125,4,9.916666667,Feb-20
Yuvraj Singh,Delhi Daredevils,6,55,75,1,7.443037975,Apr-29
Yuvraj Singh,Kings XI Punjab,27,329,405,15,7.443037975,Apr-29
Yuvraj Singh,Pune Warriors,23,308,345,15,7.443037975,Apr-29
Yuvraj Singh,Royal Challengers Bangalore,10,140,191,6,7.443037975,Apr-29
Yuvraj Singh,Sunrisers Hyderabad,7,50,75,2,7.443037975,Apr-29
Z Khan,Delhi Daredevils,30,672,823,32,7.551818182,Apr-17
Z Khan,Mumbai Indians,26,565,688,31,7.551818182,Apr-17
Z Khan,Royal Challengers Bangalore,43,1039,1349,56,7.551818182,Apr-17
